Title,Role,Score,Year,Free
超能少年之宿命之战,主演:李国麟曾伟权韩马利,6.0,2017,付费
古院迷情,主演:楚建,6.0,2017,付费
光头侠,主演:黄彬龙一一,6.3,2017,付费
青木诗社怪谈,主演:邓欣张永博,7.0,2017,付费
模特前规则,主演:王明明,6.1,2017,付费
阴阳咒,主演:陈鑫鑫王家连黄国兴,6.2,2017,付费
吃不了兜着走之港城风云,主演:纪海星刘东健杨永,6.2,2017,付费
好事行龙,主演:崔大笨红豆,6.1,2017,付费
我的女友是只猫,主演:杨浩,6.4,2017,付费
罗本的反击,主演:王广滨张天文,6.1,2017,付费
风月道人斗魔女,主演:王萌赵思,6.4,2017,付费
青城僵尸,主演:申琦刘诗童,6.5,2017,付费
追爱100天,主演:徐大宁霍秋慧,6.4,2017,付费
总有刁民想害朕,主演:李健仁杨能,7.2,2017,付费
雨夜恶魔,主演:苏德伦陶晶晶,6.3,2017,付费
耿直河南人,主演:樊伟鹏王晨王家霖,6.6,2017,付费
血战边境线,主演:刘峰超,6.8,2017,付费
三界之守铃者,主演:陈娜娜曾文明,6.6,2017,付费
三头六臂,主演:赵锦焘周子龙,6.5,2017,付费
中英街探案,主演:王元于青松,6.3,2017,付费
星灵传说,主演:王海祥徐冬梅王光辉,6.1,2017,付费
美女鬼上身,主演:李靓雨张越宁,6.3,2017,付费
贴身萌妹腹黑计划,主演:黄垲翔王骊亚,6.2,2017,付费
银河少女,主演:刘宇珽刘凌菱,6.0,2017,付费
疯狂熊猫血,主演:梁小松肖燕邵伟轩,6.8,2017,付费
手机控,主演:宋雷涛史沐可,6.4,2017,付费
缞神契约,主演:贾景晖林爽赵骏,7.2,2017,付费
拳锋,主演:袁建坤郭惟晨柳海龙,6.3,2017,付费
初秋,主演:刘笑语王紫硕,6.4,2017,付费
绝密恋人,主演:陈杨子王沛,6.5,2017,付费
超能少年之宿命之战,主演:李国麟曾伟权韩马利,6.0,2017,付费
古院迷情,主演:楚建,6.0,2017,付费
光头侠,主演:黄彬龙一一,6.3,2017,付费
青木诗社怪谈,主演:邓欣张永博,7.0,2017,付费
模特前规则,主演:王明明,6.1,2017,付费
阴阳咒,主演:陈鑫鑫王家连黄国兴,6.2,2017,付费
吃不了兜着走之港城风云,主演:纪海星刘东健杨永,6.2,2017,付费
好事行龙,主演:崔大笨红豆,6.1,2017,付费
我的女友是只猫,主演:杨浩,6.4,2017,付费
罗本的反击,主演:王广滨张天文,6.1,2017,付费
风月道人斗魔女,主演:王萌赵思,6.4,2017,付费
青城僵尸,主演:申琦刘诗童,6.5,2017,付费
追爱100天,主演:徐大宁霍秋慧,6.4,2017,付费
总有刁民想害朕,主演:李健仁杨能,7.2,2017,付费
雨夜恶魔,主演:苏德伦陶晶晶,6.3,2017,付费
耿直河南人,主演:樊伟鹏王晨王家霖,6.6,2017,付费
血战边境线,主演:刘峰超,6.8,2017,付费
三界之守铃者,主演:陈娜娜曾文明,6.6,2017,付费
三头六臂,主演:赵锦焘周子龙,6.5,2017,付费
中英街探案,主演:王元于青松,6.3,2017,付费
星灵传说,主演:王海祥徐冬梅王光辉,6.1,2017,付费
美女鬼上身,主演:李靓雨张越宁,6.3,2017,付费
贴身萌妹腹黑计划,主演:黄垲翔王骊亚,6.2,2017,付费
银河少女,主演:刘宇珽刘凌菱,6.0,2017,付费
疯狂熊猫血,主演:梁小松肖燕邵伟轩,6.8,2017,付费
手机控,主演:宋雷涛史沐可,6.4,2017,付费
缞神契约,主演:贾景晖林爽赵骏,7.2,2017,付费
拳锋,主演:袁建坤郭惟晨柳海龙,6.3,2017,付费
初秋,主演:刘笑语王紫硕,6.4,2017,付费
绝密恋人,主演:陈杨子王沛,6.5,2017,付费
我的女佬师,主演:张朋,6.4,2017,付费
寻汉记,主演:阳蕾王会来赵晟然,6.4,2017,付费
招魂笔记,主演:王骊亚杨紫茗沈凯,6.7,2017,付费
幸孕,主演:杨智迪秦楚明韩锐,6.8,2017,付费
遇见极品校花,主演:韩三明高瑕冯泓羽,6.5,2017,付费
最漫长的夏至,主演:虞朗宋沐泽张佳琳,6.2,2017,付费
赚够一千万,主演:王泫伊,7.0,2017,付费
神秘宝贝,主演:格桑,6.1,2017,付费
追凶报道,主演:刘小佳赵艺霖,6.0,2017,付费
补丁爱人,主演:马赛魏峰,6.5,2017,付费
校花大战外星人,主演:张嘉希陈昊蓝,6.6,2017,付费
后宫风韵传之霓裳玉女,主演:冯芷墨张多,6.0,2017,付费
邪术学徒,主演:徐阁白军选,6.2,2017,付费
封神战记3:武动苍穹,主演:李佩泽师伟,6.0,2017,付费
极品灭魂师,演员为空,6.0,2017,付费
超模沦陷局中局,演员为空,6.5,2017,付费
西游记之三圣归来,主演:冯凯韵,6.7,2017,付费
还魂夜之梦妻,主演:杨凯迪,6.2,2017,付费
僵尸水怪2,主演:方言,6.1,2017,付费
色计是空,主演:李沐羲冯普,6.1,2017,付费
泡妞俱乐部,主演:贺磊嘉伦,6.1,2017,付费
坏女人联盟,主演:李李奉李镇宇,7.5,2017,付费
游魂服务站,主演:汪洋尚斯琪,7.3,2017,付费
十八盗之云中鹤,演员为空,6.4,2017,付费
僵尸水怪,主演:方言,6.2,2017,付费
那些女人是妖精,主演:冯青,6.3,2017,付费
时光扇,主演:余宇李淑慧,6.5,2017,付费
审判游戏,演员为空,6.4,2017,付费
爱的接力2016,主演:李桦金芮伊,6.4,2017,付费
人鬼罪未了,主演:吴明轩赵谭,6.2,2017,付费
浪剑侠客,主演:余泽洋,6.1,2017,付费
谁动了我的校花,主演:陈奇,7.7,2017,付费
女娲日记,主演:崔友斌宋睿,7.6,2017,付费
四人间,演员为空,6.9,2017,付费
乌林大会,主演:许颂亚杨正龙,6.5,2017,付费
终极囚禁2016,主演:黄成麟,7.3,2017,付费
绝色蛊师,演员为空,7.1,2017,付费
坑蒙拐骗偷,主演:姬云潇王竹,6.9,2017,付费
完美攻略,演员为空,6.4,2017,付费
择日救赎,主演:郑晓东,7.0,2017,付费
啼血蝴蝶之罪爱,演员为空,6.1,2017,付费
传奇校园,主演:王厦洪天明,7.6,2017,付费
寻尸索命徒,主演:赵凯,6.5,2017,付费
灵魂骑士,主演:洪天明巴音,6.0,2017,付费
命运赌神,主演:芦伟李国麟,6.0,2017,付费
美女与吸血鬼,主演:BogdanPoiana,7.0,2016,免费
暗黑破坏王,主演:耿博文孙湘宜,6.4,2016,免费
噩梦猎人,主演:陈晓鸣邵汶,6.4,2016,免费
农家囧事,主演:大志王伟刘燕,7.4,2016,免费
凶间106,主演:苏航苏濛濛游千惠,6.8,2016,免费
再见坏小子,主演:高腾,7.5,2016,免费
天师战僵尸,主演:李理,6.5,2016,免费
禁婆,主演:何佳伟,6.5,2016,免费
黑暗料理,主演:冯子翰黄雨萱,5.2,2016,免费
闷骚女大劫案,演员为空,6.6,2016,免费
东北坐地炮,主演:马梓博李秀红,6.9,2016,免费
特色超人,主演:李达,6.9,2016,免费
终极试镜,主演:张小溪,6.9,2016,免费
囧友,主演:何继兵,6.6,2016,免费
一夜不了情,主演:陈恩港程芳,7.3,2016,免费
超能废物,演员为空,7.0,2016,免费
江湖岁月,主演:周毅,7.4,2016,免费
倩女幽梦,主演:裘佳刁伟国杨凯刘艺,6.3,2016,免费
我的模特女友,演员为空,7.2,2016,免费
等花开你还在,主演:李瑞雪,6.9,2016,免费
校花日记之女神经常来,主演:邹建文,7.4,2016,免费
第46号密室,演员为空,7.1,2016,免费
葬蛊岭,演员为空,5.8,2016,免费
梦幻女儿情,主演:任德勇睿熙龚喜,6.0,2016,免费
超级坏蛋联盟,主演:孟鹏邹平坦,6.7,2016,免费
疯狂副导演,主演:刘成钟情,7.3,2016,免费
僵尸古墓,主演:王孟宏芦伟,5.6,2016,免费
僵尸崛起：赶尸奇谭,主演:华若棋曹颖,6.2,2016,免费
车徒,主演:尹航侯磊张佳斯尹莹,7.6,2016,免费
钢管舞娘,主演:周子熙路思奇,7.1,2016,免费
美女与吸血鬼,主演:BogdanPoiana,7.0,2016,免费
暗黑破坏王,主演:耿博文孙湘宜,6.4,2016,免费
噩梦猎人,主演:陈晓鸣邵汶,6.4,2016,免费
农家囧事,主演:大志王伟刘燕,7.4,2016,免费
凶间106,主演:苏航苏濛濛游千惠,6.8,2016,免费
再见坏小子,主演:高腾,7.5,2016,免费
天师战僵尸,主演:李理,6.5,2016,免费
禁婆,主演:何佳伟,6.5,2016,免费
黑暗料理,主演:冯子翰黄雨萱,5.2,2016,免费
闷骚女大劫案,演员为空,6.6,2016,免费
东北坐地炮,主演:马梓博李秀红,6.9,2016,免费
特色超人,主演:李达,6.9,2016,免费
终极试镜,主演:张小溪,6.9,2016,免费
囧友,主演:何继兵,6.6,2016,免费
一夜不了情,主演:陈恩港程芳,7.3,2016,免费
超能废物,演员为空,7.0,2016,免费
江湖岁月,主演:周毅,7.4,2016,免费
倩女幽梦,主演:裘佳刁伟国杨凯刘艺,6.3,2016,免费
我的模特女友,演员为空,7.2,2016,免费
等花开你还在,主演:李瑞雪,6.9,2016,免费
校花日记之女神经常来,主演:邹建文,7.4,2016,免费
第46号密室,演员为空,7.1,2016,免费
葬蛊岭,演员为空,5.8,2016,免费
梦幻女儿情,主演:任德勇睿熙龚喜,6.0,2016,免费
超级坏蛋联盟,主演:孟鹏邹平坦,6.7,2016,免费
疯狂副导演,主演:刘成钟情,7.3,2016,免费
僵尸古墓,主演:王孟宏芦伟,5.6,2016,免费
僵尸崛起：赶尸奇谭,主演:华若棋曹颖,6.2,2016,免费
车徒,主演:尹航侯磊张佳斯尹莹,7.6,2016,免费
钢管舞娘,主演:周子熙路思奇,7.1,2016,免费
捉奸团,主演:程晓彬赵艺桐,6.8,2016,免费
单身狗奇遇记,主演:刘冰于小婉,7.7,2016,免费
灵异直播,主演:纪兆贤,6.4,2016,免费
致80后的逗比时代,主演:朱昱衡徐骥云张力,6.0,2016,免费
纵欲迷情,主演:闫鹏梁炜,6.6,2016,免费
僵尸皇帝,主演:杨竣茗刘沫彤,6.3,2016,免费
我的无头女友,主演:梁雪芹,7.4,2016,免费
网红番茄酱之掘金时代,主演:晓茹王欣小庄,7.3,2016,免费
罪囧,主演:孙研翔,5.9,2016,免费
非常特警,主演:刘炼李金莎,6.7,2016,免费
新傻儿司令,主演:何仲海,6.2,2016,免费
怨女幽魂,主演:关新月肖丽荣,6.6,2016,免费
爱上黑道女友,主演:何育骏,7.1,2016,免费
捆绑,主演:韦至,7.1,2016,免费
疯情,主演:练卓,6.9,2016,免费
血婴蛊毒,演员为空,6.5,2016,免费
裸奔,主演:陈欣刘芮侨陈莱蒙,6.3,2016,免费
红上开花大奖赛,主演:赵泓周雅璇郑子蔚,6.2,2016,免费
亲爸,主演:周恒远王子琦,6.0,2016,免费
少女大战武林高手,主演:丘雪如,6.5,2016,免费
楼市深喉,主演:倪众,7.0,2016,免费
美女直播夜,主演:马佳冶,6.6,2016,免费
黄泉阴镖,主演:向辰刘丹王薇鲁霖,6.2,2016,免费
女朋友&女朋友,主演:潘若瑶吴宣萱,7.4,2016,免费
媚影女特工3双生宿敌,主演:于洋郑德靳美玲,6.7,2016,免费
黑市拳霸2之乱斗天王,主演:迦南胡龙李琪冯芳芳,7.3,2016,免费
炫武,主演:郝帅候思思白那日苏,7.5,2016,免费
谜海,主演:杨涵斌陈俊杰龚韵熹,6.3,2016,免费
90后的苦B生活,主演:房岩王二利李岩,7.7,2016,免费
吧街小鲜肉,主演:陈观泰林伟健于天龙,6.2,2016,免费
雇佣兵（2016）,主演:苗韵桐叶超,6.1,2016,免费
伏魔记,演员为空,7.6,2016,免费
贼闹心之青春,主演:祥子,7.5,2016,免费
三炮哥重出江湖,演员为空,7.1,2016,免费
你是我兄弟,主演:刘美含,7.6,2016,免费
女神的诱惑:致命陷阱,主演:王龙王珍,6.9,2016,免费
不许蒸发的记忆,演员为空,6.8,2016,免费
西游之西梁女国,主演:于尚,6.4,2016,免费
三傻闯江湖之一本万利,主演:秦龙王海洋赵瑞鑫,6.8,2016,免费
正义使者2016,主演:郭菲儿王珺萍王娜,7.1,2016,免费
傻子赖子匪,演员为空,6.1,2016,免费
玩命大主播,主演:陈诗敏,7.2,2016,免费
圈子,主演:李鹤,6.2,2016,免费
爱情与尊严,演员为空,7.0,2016,免费
抠钱家族,演员为空,6.8,2016,免费
活埋,主演:郭迎军徐海涛李升翰,6.2,2016,免费
东北古惑仔2之今生缘,主演:小黑李俊,6.7,2016,免费
魔都战警,主演:贺刚郭柯彤范雨林,7.0,2016,免费
HELLO警察小姐,主演:陈岚,6.8,2016,免费
通灵行者之分歧,主演:徐思远娄彦艳,6.6,2016,免费
死亡连环画,演员为空,6.6,2016,免费
嘻游疯神记,演员为空,5.5,2016,免费
明珠三国2之貂蝉攻略,主演:彭程,6.6,2016,免费
恶棍英雄,主演:孙昊张芷榕艾菱措,6.6,2016,免费
碉堡了之搞定至尊宝,主演:陈瑶,7.1,2016,免费
异能传之点金圣手,主演:叶小开,7.3,2016,免费
终极格斗之拳霸天下,主演:孙云涛潘家宝丁坤,7.0,2016,免费
少年侦探,主演:李青柯李卓尧,7.1,2016,免费
隔壁女生的日常,主演:吴晴,7.7,2016,免费
青春期-原来你还在那里,主演:吴尧杰高唱肖焱赵莹,7.3,2016,免费
致命速递2016,主演:海岩刚,6.8,2016,免费
疯狂美人计,主演:杨涌陈觅,6.8,2016,免费
我和我们,主演:王宇,7.8,2016,免费
赌神再战江湖之拖鞋赌王,主演:任飞扬教海哗杜歌,6.6,2016,免费
血狼女,主演:石天龙,7.0,2016,免费
降龙传说,主演:潘时七王伊,6.8,2016,免费
三界传说之魔界圣僧,主演:李肖宁沈璐白海涛,7.0,2016,免费
蜜月里杀人事件,主演:王冠权韩妤儿,7.1,2016,免费
黑市拳霸之盲拳天王,主演:迦南,7.3,2016,免费
鬼火,主演:崔龙飞张斌何玉婷,6.4,2016,免费
血魔方,主演:白静,7.0,2016,免费
炼狱,主演:王铁见,7.4,2016,免费
夜蒲之奶爸总裁,主演:李文骁侯迪,7.7,2016,免费
铁岭老炮儿,主演:刘谦王大帅,6.8,2016,免费
阴阳小姐,演员为空,6.9,2016,免费
情感大Q,主演:钟子炫郭佩妮,6.4,2016,免费
凶饰之夺魂快递,主演:王晓东,6.8,2016,免费
狼的爱情,主演:梅俪儿朴奕心,7.4,2016,免费
初三那年,主演:张东,6.9,2016,免费
千面欲虐,主演:刘磊,6.4,2016,免费
女人嗨起来,主演:郭乐瞳,7.2,2016,免费
p图成真,演员为空,6.9,2016,免费
爱，在北京,主演:于青锋王乙童,6.2,2016,免费
我的明星老爸,主演:张胜淼席丹张天一,6.3,2016,免费
僵尸世界,主演:方言,6.5,2016,免费
九尾猫·仙逆,演员为空,7.1,2016,免费
暗夜心理师,主演:赵一龙,6.2,2016,免费
备胎狂欢劫,主演:洪倩,6.9,2016,免费
7月7之猛鬼村,主演:许玮妍张冬,5.4,2016,免费
美女住客,主演:任德勇,6.8,2016,免费
罪案主播,演员为空,7.5,2016,免费
青春嗨起来,主演:吴昊泽,6.3,2016,免费
杀马特大战基隆港,主演:胡宗祥于洋,6.0,2016,免费
明日情圣,主演:邹杨,7.7,2016,免费
盗宝奇葩之猎肉杀身,主演:何有理,5.6,2016,免费
欲望河流,演员为空,6.5,2016,免费
大风起兮,主演:胡凯楼权黄聪山,6.0,2016,免费
我约了一个情人杀手,主演:范家其田爽,6.3,2016,免费
当我成为你,主演:边嘉威张雪迎,7.1,2016,免费
欲爱（刘前程版）,主演:刘前程,7.2,2016,免费
江湖之义字当先,主演:罗家英李子雄,6.9,2016,免费
一夜情旅,主演:邢洋,7.7,2016,免费
疯狂小镇,主演:陈升卫,6.9,2016,免费
意许遗诺之前世今生,主演:张承阳谭渤霖,7.3,2016,免费
恋物者,主演:冯泽雨阿拉蕾,6.6,2016,免费
荒坟美影,主演:任珅,6.8,2016,免费
恋爱勿语,主演:龙馨悦孔奇力,7.3,2016,免费
憨爸,主演:陈强华,7.9,2016,免费
猎爱,主演:刘前程,7.4,2016,免费
魔都四十四号,主演:孔奇力付柔美琦,7.4,2016,免费
危险的爱2016,演员为空,7.1,2016,免费
浴室惊魂,主演:于一番,6.7,2016,免费
30cm的距离,主演:王昊宇,5.9,2016,免费
赶尽杀绝,主演:杨君豪布凤娇刘凯榕,6.8,2016,免费
捉妖天师之新妇借道,主演:宋涵宇张冰倩,7.3,2016,免费
如果没有遇见你,主演:连凯阳蕾,7.1,2016,免费
四大美人之贵妃闯地府,主演:吴春燕,7.0,2016,免费
向女神挺进,演员为空,6.9,2016,免费
杀人日记,主演:何欣烛,7.0,2016,免费
山影迷踪,主演:夏添徐冰,6.2,2016,免费
四大美人之贵妃闯地府,主演:吴春燕,7.0,2016,免费
向女神挺进,演员为空,6.9,2016,免费
杀人日记,主演:何欣烛,7.0,2016,免费
山影迷踪,主演:夏添徐冰,6.2,2016,免费
杀戮轮回,主演:温朋达汪碧清郑泽璐,7.6,2016,免费
大小笑探,主演:贾旭明,7.6,2016,免费
大学过半,主演:谢银芬史春虎刘怡,6.5,2016,免费
万年僵尸王,主演:张嘉鼎,5.8,2016,免费
猛鬼归来,主演:方言,7.0,2016,免费
新鬼打鬼,主演:狄威姜彦希,7.0,2016,免费
死亡记忆,主演:杜旭东,7.3,2016,免费
笙秋,主演:杨润坤,7.1,2016,免费
渣男的100种死法,主演:田甜,7.6,2016,免费
三贱客2016,主演:张玉轩胡俊铭尤旻昊,6.9,2016,免费
魔幻西游,主演:王强强,4.8,2016,免费
命运战刀,演员为空,6.9,2016,免费
灵魂侦探,主演:高成龙,6.1,2016,免费
诡影实录,主演:杨易之黄乙琳辰轩锐,6.7,2016,免费
僵尸先生后传,主演:田原璐,6.3,2016,免费
驱魔保安3暗月教,主演:周敬峰,7.2,2016,免费
新娘,主演:冯芷墨,6.3,2016,免费
不合理蛙,主演:薛晴,6.3,2016,免费
炼爱,主演:刘前程郑晓甫,7.3,2016,免费
无热血不青春之校花与古惑仔,主演:程紫城,7.4,2016,免费
舞女抢劫案,主演:苏德伦郜玄铭,6.7,2016,免费
灵魂脱壳,主演:张翰文乔晟一,6.3,2016,免费
一惊到底,主演:张唯周芷雅,5.8,2016,免费
无人区杀人事件,演员为空,7.2,2016,免费
我在黑道那几年,主演:何中华傅隽,7.0,2016,免费
消失的乐手,主演:金子乔,6.2,2016,免费
隐爱,主演:刘前程,7.2,2016,免费
美女足球队,演员为空,7.9,2016,免费
谁的爱情不迷茫,演员为空,6.7,2016,免费
夜游狂魔,主演:罗永强来永丹赵信尊,6.1,2016,免费
纯情少女俏酒保,主演:亚孟乐,7.0,2016,免费
超级道长,主演:孙云涛,6.0,2016,免费
禁爱,主演:刘前程龙政璇,7.4,2016,免费
老曹鬼故事,主演:曹志宇大鹏李忠,5.6,2016,免费
欲望森林,主演:贾雪,6.4,2016,免费
漂浮,主演:张宇游元军,6.1,2016,免费
东北往事之痞子训练营,主演:MC天佑,7.0,2016,免费
校园恐怖故事之心怨,演员为空,6.8,2016,免费
捡个将军做男友,演员为空,6.6,2016,免费
飘雪丹心,演员为空,6.5,2016,免费
宅男的终极幻想2,演员为空,7.4,2016,免费
凌晨4:44,主演:徐浩然,6.2,2016,免费
血战上海滩2,主演:姚尧,7.2,2016,免费
爱你咬你,主演:姜天阳,7.3,2016,免费
随心索欲,主演:石靖怡,7.6,2016,免费
赌神来了,主演:房映华,6.9,2016,免费
神探娇娃,主演:丁锐王雯雯,7.1,2016,免费
冷宫传之贵妃魅影,主演:梁丹妮,6.5,2016,免费
姬教授 上,主演:肖宗灵,6.5,2016,免费
太囧升职记,主演:高利虹,6.5,2016,免费
火眼貔貅,主演:陈欢陈佩珊,7.3,2016,免费
情义无悔,主演:MC天佑,7.4,2016,免费
球爱大越位,主演:魏峰,7.8,2016,免费
一夜疯狂2,主演:荆民强贾晓升,6.9,2016,免费
欲望仇杀,主演:王光辉,6.7,2016,免费
摩登群侠之二货神探,主演:张艺骞,7.3,2016,免费
试爱禁区,主演:朱美璇赵天宇范陆,6.8,2016,免费
毕业300天,演员为空,7.4,2016,免费
好人谢谢你,主演:雷体勇沈梓萌陈镁曦,6.7,2016,免费
神画奇踪,主演:王昭,7.1,2016,免费
我的真爱,主演:都钊,7.3,2016,免费
天师之九转轮回盘,主演:孟智超,7.0,2016,免费
办公室女郎,主演:刘小乔,7.2,2016,免费
怕羞的木头人,主演:刘筱筱哈妮,7.3,2016,免费
扎纸先生,主演:王丁宇,7.1,2016,免费
股神3之控庄者,演员为空,7.7,2016,免费
谁动了我的闺蜜,演员为空,7.1,2016,免费
快来绑架我,演员为空,6.3,2016,免费
浴缸里的女人,主演:陈欣茹纪海星,6.2,2016,免费
小镇英雄之江湖无道,主演:毕卡刘钊吕十一卢云,7.0,2016,免费
驯鬼为夫,主演:范雨彤,6.8,2016,免费
恶魔的后宫,主演:徐艺涵,6.5,2016,免费
灵魂快递之死神到来,主演:李星,6.7,2016,免费
极度肉侵,演员为空,6.4,2016,免费
梦想的代价2,主演:周观钦龙世峰蒋孙全,6.6,2016,免费
吸血鬼侦探,主演:涂世旻,7.0,2016,免费
泰惊魂之古镜,主演:张皓森,7.2,2016,免费
少女的私房逆吻,主演:杨林果谢云梓,5.7,2016,免费
四大美人之昭君捉鬼,演员为空,6.7,2016,免费
犬心犬意,主演:张佳周天保张伟,7.8,2016,免费
欲望迷宫2迷雾山庄,演员为空,6.3,2016,免费
荒宅恶灵,主演:李金洋杨竣茗郭欣妍,6.8,2016,免费
黑洞效应·救赎,主演:李治源,6.3,2016,免费
重生三国之刺杀张角,主演:王毅凡王中楷,7.2,2016,免费
灵眼,主演:闫薇儿邱浩轩,6.7,2016,免费
我是炮哥,主演:王东东,6.8,2016,免费
娱乐圈,主演:屈浩明,7.4,2016,免费
青春不加糖,演员为空,7.1,2016,免费
七夕那点事儿,主演:郭静琳,7.4,2016,免费
超能老师,主演:涂乐,7.2,2016,免费
疑似真凶,主演:郑茜刘克松,5.9,2016,免费
影子猎人之血灵契约,主演:于卿杨尚贤,7.3,2016,免费
谁杀了潘巾莲2白衣神探,主演:季子渊,6.9,2016,免费
琴场高手之灵魂暴走,主演:谢芷伦,7.3,2016,免费
护宝奇兵之黑楼魅影,主演:艾尚絮,6.7,2016,免费
疯狂IP,演员为空,6.9,2016,免费
我不是粗人,主演:张霆孙喜歌,7.1,2016,免费
仙女特攻队,主演:高珊,6.9,2016,免费
男人勿入之女皇温泉,演员为空,7.4,2016,免费
我的师父黑无常,主演:郭云飞,6.9,2016,免费
索命七间房,演员为空,6.6,2016,免费
太子出宫记,主演:邓宁,7.4,2016,免费
叶落沐扇,演员为空,7.1,2016,免费
鹅滴个神,主演:李达陈宇星,7.0,2016,免费
人鬼不了情,演员为空,7.1,2016,免费
末代掌门,主演:罗德元罗维纶,7.3,2016,免费
黄昏·消隐,主演:杨琅,7.0,2016,免费
道士捉妖记,主演:岳野成佳慧,6.7,2016,免费
奔跑吧！裤衩,主演:MC天佑林琪,7.3,2016,免费
捉妖大队,主演:牟凤彬,7.0,2016,免费
囚爱,主演:孙玮伦冯芷墨,7.0,2016,免费
天师伏魔2弑魂,主演:檀健次卢沁希,7.1,2016,免费
比基尼派对,主演:李妍锡,7.3,2016,免费
爱你烦不了,主演:高兰村陆应果,7.4,2016,免费
你这磨人的俄国小妖精,主演:王斌,7.4,2016,免费
红色记忆,主演:丁建国,6.2,2016,免费
人兄鬼弟,演员为空,6.5,2016,免费
爱情感冒,主演:彭德松,7.0,2016,免费
神游上海滩,主演:章小军,7.1,2016,免费
销魂杀机,演员为空,7.4,2016,免费
驱魔少年2,主演:简佳琳,7.3,2016,免费
孤岛游戏,主演:李璐兵,5.9,2016,免费
第八代导演,主演:谢曦子杨冠鹏,6.3,2016,免费
千金魅惑,主演:刘艺丹秦翔宇,7.0,2016,免费
宝器,主演:李磊,6.5,2016,免费
那年我们十八岁,主演:王跃舟王赛男何佳颖,6.7,2016,免费
港北风云之龙在江湖,主演:刘飞,6.8,2016,免费
七星龙墓,主演:温世韡叶倩雅张艺之,6.5,2016,免费
愤怒的同桌,主演:刘林马亚楠,7.2,2016,免费
姐妹2016,演员为空,7.7,2016,免费
二狗进城,主演:唐鑫,7.0,2016,免费
午夜黑车,主演:何佳伟,6.0,2016,免费
蜜月杀机,主演:李天烨,5.8,2016,免费
大宋夜总汇之梦回青楼,主演:徐千京刘晋钊,7.3,2016,免费
灵魂恋人,主演:文雨非蔡芷纭,7.6,2016,免费
最后一个杀手,演员为空,5.9,2016,免费
幽冥船,主演:邹笨笨,6.8,2016,免费
奇葩主播升职记,主演:杨雪,7.5,2016,免费
恋爱联盟队,主演:赖嘉豪杨景辉,7.3,2016,免费
窥视欲,主演:姜艺声张天柏,6.4,2016,免费
逃学英雄2,主演:吴业晗黄一山,6.2,2016,免费
嫌疑人z致命欲望,主演:闫鹏,6.7,2016,免费
不良星座之颜值学妹团,主演:彭禺厶,7.0,2016,免费
冤魂不散,主演:赵倩雯洛征东,6.9,2016,免费
白日杀机2,主演:张仟颜敬杰,7.0,2016,免费
妈妈2016,主演:秦跃芳,7.6,2016,免费
天黑别闭眼,主演:李佳璇徐东,7.0,2016,免费
九度空间之濒死体验,主演:丁志诚,7.2,2016,免费
鬼镯之阴阳生死环,演员为空,6.8,2016,免费
惊天盗梦团,主演:于久洲马晨龙,6.3,2016,免费
误入歧途,演员为空,6.1,2016,免费
绝命追凶,主演:刘振安,7.0,2016,免费
遗失的美好,主演:杨金承陆媛媛,6.2,2016,免费
危险人妻,演员为空,7.4,2016,免费
绝地逃生,主演:文东俊李蔓绮,6.8,2016,免费
特工管家,主演:刘静怡张建海,7.1,2016,免费
魔法甜甜圈,主演:马晓灿,7.3,2016,免费
鬼上身2016,主演:耿博文,7.2,2016,免费
青春往事,主演:杜玉明王旭升,7.0,2016,免费
疯狂猎艳,演员为空,7.0,2016,免费
致青春期的我们,演员为空,6.6,2016,免费
最二情书,主演:吕行石靖怡,7.5,2016,免费
暴力降头之校花,主演:梁鑫,7.0,2016,免费
无间侦探,演员为空,7.4,2016,免费
混社会2风云再起,主演:文庆,6.6,2016,免费
江湖耍猴人,主演:李宝安,7.4,2016,免费
荒郊野外,主演:杨易之张璐瑶,7.2,2016,免费
醉了青春之男人帮,主演:石晶晖,7.5,2016,免费
僵尸鬼王,主演:方言杨峻茗,5.9,2016,免费
媚影女特工2暗夜舞者,主演:靳美玲于洋,6.3,2016,免费
阴阳屯之与鬼同房,主演:曹大福徐小大,6.7,2016,免费
房间,主演:刘振安,6.6,2016,免费
绝色追击,主演:白洁,6.6,2016,免费
殓师,主演:叶山豪马昕墨,6.1,2016,免费
重返灵界,主演:孙熙,7.1,2016,免费
秘密商店,主演:恺熙张子轩,6.3,2016,免费
殓师,主演:叶山豪马昕墨,6.1,2016,免费
秘密商店,主演:恺熙张子轩,6.3,2016,免费
江湖翘,主演:罗维纶杨正龙,7.3,2016,免费
重返灵界,主演:孙熙,7.1,2016,免费
笔仙之生死劫,主演:储毅王震森王梦雪,6.6,2016,免费
同居特工,主演:徐杰,7.1,2016,免费
外八门之雪域魔窟,主演:宋翊菲赵飞,7.1,2016,免费
双灵,主演:史恩旗刘凌薇,6.8,2016,免费
小男人也风流,主演:李宗翰,6.2,2016,免费
幽灵客栈,主演:漆子美刘凯,6.8,2016,免费
堕落神探,主演:江若琳雷鹏宇,7.1,2016,免费
变态回忆录,主演:郭子溪罗立群,6.4,2016,免费
灵界室友,主演:胡旭晨赵永奇,7.2,2016,免费
外星萝莉,主演:刘宸希张炜迅,7.2,2016,免费
十二星座男,主演:王晓冬张扬,7.8,2016,免费
代理情人,主演:王薇启杰,7.8,2016,免费
首尔情人,主演:沈泫京彭博,6.5,2016,免费
山炮战土豪,主演:孙海洋李东明,6.8,2016,免费
儿童总裁,主演:王一鸣孙雪宁何索,7.3,2016,免费
天亮之后,主演:夏仪斌周依诺,6.3,2016,免费
中国兵王,主演:胥明文,6.5,2016,免费
死神工作室,主演:赵依娜张天赫,6.8,2016,免费
占星惊魂,主演:薛小冉宋飞,6.7,2016,免费
泰嗨啦,主演:梁子王浩丞,7.5,2016,免费
死神的爱,主演:王燕阳吴丹,7.3,2016,免费
囧爱,主演:洪亚楠,6.5,2016,免费
诱灵女校,主演:储毅刘小乔,6.7,2016,免费
不二青春之20几岁的姑娘,主演:陈碧云刘币,6.4,2016,免费
时空转校生,主演:梁佳伟博尔吉特,7.4,2016,免费
大圣流浪记,主演:徐海燕,6.9,2016,免费
剩女脱单记,主演:汤晶晶魏兆雄,7.0,2016,免费
横囧青春,主演:侯珊珊李冠志,7.4,2016,免费
会飞的井盖,主演:彭波关思慧王政,7.5,2016,免费
夺命稻草人,主演:熊娅尔玛依娜,6.8,2016,免费
再见那年,主演:许建,6.9,2016,免费
八戒归来,主演:李红陶,6.9,2016,免费
鉴鬼实录I驱魔龙族,主演:彭德松蒋振宇,6.7,2016,免费
十夜谈之异悚,主演:张天其刘羽琦,6.4,2016,免费
古曼童之人偶,主演:周圣博曹荣赵谭,7.0,2016,免费
欠债还钱,主演:黄伟李勇楠柯衍昱,7.2,2016,免费
深囧,主演:何佳骏,5.9,2016,免费
四大美人之貂蝉大战丧尸,主演:王梦泽,6.9,2016,免费
谎言2016,主演:王卫国廖望汪碧清,7.3,2016,免费
阴阳手眼,主演:李达张振江,7.0,2016,免费
渣能天团之巨能足球,主演:滕海滨邢傲伟,7.0,2016,免费
超能食神美少女,主演:孙仲加许媛媛徐熙阳,7.4,2016,免费
霸道总裁风流秘书,主演:萧赫孙梦纯,7.2,2016,免费
无人生还之别墅迷情,主演:袁宗轩张嘉艺,6.3,2016,免费
灵异赌圣,主演:小伍卢其战,6.1,2016,免费
三贱客逗士,主演:任德勇晁金晟张萌萌,6.6,2016,免费
仙医神厨,主演:王厦李国麟,7.4,2016,免费
恶魔校花,主演:邹杨姜震昊,6.7,2016,免费
惊急注射,主演:刘娇娇洪浩赵明亮,5.5,2016,免费
疯狂的箱子,主演:蒋德亮盛君,7.5,2016,免费
学妹惊声之色色发抖,主演:张蓝艺王笑天梁平,6.8,2016,免费
魔鬼契约2016,主演:张霜剑张曦丹马凯莉,6.7,2016,免费
拾仙传之断魂茶,主演:刘亭作姬他,7.3,2016,免费
江湖人仕,主演:李洪潇,7.0,2016,免费
猎魔女战士,主演:娄彦艳胡凯莉,6.5,2016,免费
绑架2,主演:赵依娜刘裕龙,7.4,2016,免费
坚强的小孩,演员为空,7.4,2016,免费
恋爱禁区,主演:陈乔希,6.9,2016,免费
超能特务,主演:祁汉蒋依杉孙海洋,7.0,2016,免费
午夜红裙,主演:王灿,6.5,2016,免费
话西游之大圣情史,主演:李易函王顺双,6.0,2016,免费
耍宝太君,演员为空,6.3,2016,免费
变形者之幽灵杀手,主演:吴谨西,6.9,2016,免费
阿凯之最后一战,主演:兰凯张欢,6.9,2016,免费
鬼扯蛋,主演:苏德伦郑晓磊,6.6,2016,免费
科学杀人狂,主演:汪洋,6.7,2016,免费
渡灵人,主演:王磊郑礼宇,5.9,2016,免费
飞鸿囧传,主演:李婷,6.3,2016,免费
截拳道魂,主演:何佳伟,6.0,2016,免费
夺命锤,主演:徐栎坤刘建伟李宓儿,7.1,2016,免费
兄弟为你,主演:何流李阳艾霏儿,7.3,2016,免费
诡异大湘西之落花劫,主演:李峰方雅萱,6.7,2016,免费
吸髓女人,主演:张志祥,6.5,2016,免费
梦魇惊魂,主演:付宏王子伊,6.5,2016,免费
哪能放过你,主演:于谷鸣张丹研,6.7,2016,免费
戏凤威龙2,主演:孟瑞,7.0,2016,免费
精灵校花,主演:张羽小九李仟拉,7.3,2016,免费
命运讯号,主演:何雁青唐玲蔡燕玲,7.0,2016,免费
情迷霸道总裁,主演:程子涵,6.7,2016,免费
玩的就是心跳,主演:汤镇业邱昊奇,6.7,2016,免费
欢喜神郎,主演:吴文尹恒,6.1,2016,免费
美女死神,主演:于谷鸣冯朔徐超,6.7,2016,免费
传奇之百人斩少女,主演:陈庆榆柳智玉,5.9,2016,免费
找个欧巴是爸爸,主演:韩雪冬白瑶,6.9,2016,免费
仙人道之仙药,主演:刘博文闫佳颖殷晗,7.0,2016,免费
手机囧,主演:刘爱国麦嘉欣张鹏,6.5,2016,免费
幻梦恋人,主演:玲珑葛智,6.0,2016,免费
僵尸来了2尸魔重生,主演:汤厉昊海萍,6.6,2016,免费
寻龙密码之真假龙穴,主演:冯浩磊苗栋,5.8,2016,免费
变形活宝,主演:李锐,6.1,2016,免费
四圣兽之幽魂还愿师,主演:袁福福,7.7,2016,免费
唐山风云,主演:樊扬扬王思亮,7.2,2016,免费
我的秘密,主演:苏星乔张恩珂宋傲雪,6.2,2016,免费
滴滴表白,主演:程宇健邹林秀,7.6,2016,免费
我遇见了我,主演:潘小样张瑞,6.5,2016,免费
钱囧2016,主演:张蓝兮李波,6.8,2016,免费
寂寞在作怪,主演:亢寒段亚兰,6.3,2016,免费
买龙拍凶,主演:肖皓天刘诺瑶张凯元,6.8,2016,免费
不死之身,主演:吴启华吕颂贤,5.6,2016,免费
鬼遮眼2016,演员为空,6.9,2016,免费
我们的青春何去何从,主演:莫鑫茹谭博文,6.5,2016,免费
爱情进化史,主演:陈茂林,6.6,2016,免费
千姬变2帝女幽魂,主演:钟一宪,6.6,2016,免费
囧能之雷霆警花,主演:王李丹妮,6.0,2016,免费
COSPLAY侠·缘起,主演:吴昊阳杨昕诺李珈西,7.5,2016,免费
横囧之银行大劫案,主演:时男,5.8,2016,免费
血色旅馆,主演:林丹丹,6.2,2016,免费
极乐快车,主演:任炜,7.0,2016,免费
艾米粒日记,主演:刘晓萌,7.6,2016,免费
至尊宝归来Ⅰ,主演:晓龙孔小铭,7.0,2016,免费
罪欲-黑道风情,主演:辛柔,7.1,2016,免费
寻之亲爱的小孩,演员为空,7.5,2016,免费
脱轨,主演:阮晓伟王辉贤,6.7,2016,免费
死亡游戏2016,主演:海洋,6.1,2016,免费
消失的星期五,主演:于磊,6.1,2016,免费
界限,主演:高旭,7.1,2016,免费
冷笑话之王,主演:芦伟夏仪斌廖天伟,6.1,2016,免费
最佳合伙人,主演:刘令飞温心,7.2,2016,免费
墨子籍之潜龙秘宝,主演:黄垲翔,6.6,2016,免费
网红调教师,主演:苗贺程张倩,7.2,2016,免费
我的男友是条狗,主演:宋锐贤,6.4,2016,免费
末路球徒,主演:郭珂,6.5,2016,免费
木乃伊占领大东北,演员为空,6.1,2016,免费
上身,主演:田牧童刘述郭星显,7.2,2016,免费
惊天魔兽,主演:孟十朵李娜,5.8,2016,免费
魅影惊魂,主演:汤晓菲方帅,7.3,2016,免费
赏金猎魔,主演:万宇翔沈诗雨,6.9,2016,免费
捉奸记,主演:高亚麟吕乐,6.9,2016,免费
换种方式,主演:孙木子易李昱晓,6.5,2016,免费
看着你,主演:梁雪芹,6.9,2016,免费
读心侠,主演:于谷鸣海洋,6.8,2016,免费
拯救汪星人大作战,主演:白利卫杨博潇,7.8,2016,免费
伟哥相亲记,主演:夏仪斌简佳琳,6.5,2016,免费
青春日记之柠檬之恋,主演:张翔李牵,6.6,2016,免费
入睡之后,主演:王侃徐欣,4.9,2016,免费
憨宝四兄弟,主演:刘士周滕龙万阳,5.8,2016,免费
欲望画室,主演:宋涵宇金津,7.2,2016,免费
成人童话,主演:王佳宇孙悦菡,6.6,2016,免费
白蛇之轮回劫,主演:阳蕾周子龙,6.2,2016,免费
圣伤,主演:蒋德亮康瑞林,6.1,2016,免费
咸猪手爱德华,主演:崔航柯哲娴,7.2,2016,免费
夕灵传说,演员为空,7.0,2016,免费
西游番外篇笨妖怪,主演:杨丰宇钱怡张建海,7.2,2016,免费
天下无坑,主演:王志峰,7.2,2016,免费
童谣,演员为空,6.9,2016,免费
萌道猎妖记,演员为空,6.8,2016,免费
道士上山,主演:张逊,6.9,2016,免费
终极游戏2016,演员为空,6.9,2016,免费
屌丝道长之佛珠奇缘,主演:湿弟陈奇（演员）,5.8,2016,免费
灵魂深处之心迷攻,主演:郑珊珊宋柏霖张柏杨,6.4,2016,免费
神鸡侠,演员为空,6.7,2016,免费
三天四夜生死劫,主演:陈俊亨,6.6,2016,免费
归心四贱,主演:大兵白波,7.2,2016,免费
超级兵王混农村2古墓传说,主演:杜晓帆,6.8,2016,免费
攻爱砖家2王者归来,主演:蓝飞洋胡世闻,7.4,2016,免费
国民老公,主演:宿丹刘青王义钦,7.1,2016,免费
我的男友不是人,主演:于喆毕慧,7.1,2016,免费
天津恐怖事件,主演:宋西昭八两金陈珂,6.9,2016,免费
极恶江湖-我混黑社会的日子,主演:王灿刘田甜,6.0,2016,免费
一坏到底,主演:何有理王嘉成,6.4,2016,免费
功夫小妹嫁人记,主演:王艺嘉陈烨,7.4,2016,免费
鬼压床,主演:朱美璇,5.9,2016,免费
回来我的爱,演员为空,6.4,2016,免费
心花怒放之啼笑因缘,主演:孙阳魏巍,6.3,2016,免费
兔女狼之窃爱迷情,主演:金士城,7.1,2016,免费
太极拳,主演:张晖陈传花温东海,6.5,2016,免费
工厂怪物,主演:吴晴,7.1,2016,免费
婴灵,主演:彭禺厶崔航,7.3,2016,免费
战将之兄弟,主演:黄益龙赵长凯,6.8,2016,免费
敲错门之寄生蝙蝠,主演:吴昊泽俞佳,7.0,2016,免费
我喜欢你之金牌星助理,演员为空,7.4,2016,免费
猎魂游戏,主演:凃凌张暘,6.7,2016,免费
谁是国民老公,主演:韩帅,7.1,2016,免费
斗女,主演:杜乔姚雨鑫,7.6,2016,免费
不良女主播,主演:叶良辰郑馨在,7.1,2016,免费
我的黑道妹妹,主演:郭柯彤梁俊一,7.2,2016,免费
天命仙缘,主演:赵心怡,6.2,2016,免费
断头台,主演:刘磊,7.3,2016,免费
绝命灵石之死磕到底,主演:郑鑫,6.5,2016,免费
山庄惊魂,主演:谢亚梅杨雅荔黄立业,6.4,2016,免费
双截龙,演员为空,7.1,2016,免费
回家2016,主演:刘长纯方晓丽李建新,7.4,2016,免费
疯狂大宝剑,演员为空,7.4,2016,免费
鏖战之废城孤尸,主演:轲然程旭辉陈奕名,6.8,2016,免费
假戏真做,主演:崔光辉康丽莎,6.3,2016,免费
此爱绵绵,主演:陶海江雪高天,6.0,2016,免费
男奴时代2,主演:萧赫彭德松,6.9,2016,免费
得不到，但依然爱你,主演:玛丽亚郑晓甫,6.6,2016,免费
逗比，我来了,主演:于利赵本六,7.4,2016,免费
绝境逃亡,主演:满闯闯,6.2,2016,免费
爱情试用期2,主演:米白,7.2,2016,免费
拿下白富美,主演:高杨欧倩如,7.0,2016,免费
半条命3：特种兵之战,主演:楚镇李悠悠,7.0,2016,免费
青春禁忌游戏之灵魂交换,主演:彭禺厶张冰倩,7.4,2016,免费
哭泣的房间,主演:柯伊玟张译文,6.6,2016,免费
我是齐天大圣,主演:白那日苏张萌萌,6.1,2016,免费
人在边缘,主演:严羽鑫秦海,7.8,2016,免费
恐怖空间,主演:游千惠马卉,6.5,2016,免费
导演我们不约,主演:魏峰肖霄,6.9,2016,免费
地下黑拳,主演:陈杨子张蓝兮,6.5,2016,免费
梦想都去哪了,主演:戴文斌严宇馨,6.2,2016,免费
华严小镇诡踪,主演:罗鸣郭岩,6.1,2016,免费
华严小镇藏踪,主演:罗鸣王者心,6.5,2016,免费
1983枫雨之夜,主演:于卿高澎,6.2,2016,免费
藏尸恋,主演:张德明武文佳,6.4,2016,免费
老妖天使,主演:陈麒雅屈浩明,7.1,2016,免费
三日危情2016,主演:周浩东高圣函,6.1,2016,免费
非常通缉,主演:范雨林吴志刚,7.0,2016,免费
小伙时代之忆当年,主演:孙一然,7.6,2016,免费
泳不瞑目,主演:吴小莉储毅,6.1,2016,免费
兵马俑侠,主演:仓井麻衣时磊,6.5,2016,免费
魔力手机,主演:毕通,6.5,2016,免费
我要做明星,主演:李中阳范楚儿,7.0,2016,免费
爱开始的地方,主演:姜雯张津赫,6.8,2016,免费
深夜书店2,主演:彭禺厶游乐儿,7.2,2016,免费
欺诈师,主演:笑赫冯凯,7.0,2016,免费
杀死老炮儿,主演:刘洋,6.9,2016,免费
丧尸肖恩,主演:傅筱甘昀宸,5.8,2016,免费
超级神仙石,主演:辛威廉周星毅,6.9,2016,免费
妖人之古墓重生,主演:程俊洛,6.4,2016,免费
临沂车神 屌丝求爱记,主演:夏浩南刘蓓玲,6.6,2016,免费
来贼不善,主演:亦瑶吴欣朋,6.9,2016,免费
新僵尸道长,主演:风妖石宇霆,6.1,2016,免费
家长理不短,主演:霍俊萍,6.2,2016,免费
狗的报恩,主演:雷洋张瑞,6.5,2016,免费
鬼谷传人之天煞孤星,主演:郑浩南贾博雅,6.4,2016,免费
龙门劫案,主演:杨皓宇刘冠麟,7.0,2016,免费
超能赌霸,主演:张玲周末,7.0,2016,免费
人质2016,主演:张维伊林晓凡,7.7,2016,免费
网游之梦回诸仙,主演:檀健次魏鹏,7.3,2016,免费
最强战兵,主演:袁福福李佳靓,6.4,2016,免费
干掉小明,主演:崔尔康杨玥,6.7,2016,免费
古城绝恋,主演:李悠悠陈伟,7.0,2016,免费
古宅迷情,主演:王秀琴楚健,7.3,2016,免费
惊梦先觉,主演:李炎童芯,6.1,2016,免费
道姑出山之人鬼情未了,主演:贾顺治蓝颖,6.7,2016,免费
再见少女时代,主演:李苗英孔奇力,6.9,2016,免费
最佳导演之男神也疯狂,主演:尹键金雨淳,6.4,2016,免费
欲望电梯2孟婆遗梦,主演:段冉苏德伦,6.6,2016,免费
神秘人鱼,主演:刘小乔,6.7,2016,免费
直男正传,主演:贾征宇,7.4,2016,免费
尸地伏魔,主演:钟云鹏,6.6,2016,免费
东北丈母娘大战油耗子,主演:吕大雁路小波,7.0,2016,免费
情事日记之窥心者,主演:李鹤祝向阳,7.1,2016,免费
绝命记忆,主演:康俊龙张馨之,6.2,2016,免费
梦之春,主演:王保彦李秋晨,6.5,2016,免费
一拍成名,主演:李强马琦,7.4,2016,免费
剩女时代,主演:方言,7.3,2016,免费
异能未来人,主演:唐妤萌,6.9,2016,免费
笔仙大战贞子,主演:雷鸣,7.3,2016,免费
大腕神探,主演:张龙,6.3,2016,免费
驱魔保安2美人棋,主演:周敬峰赵煜,7.3,2016,免费
香椿,主演:冯雪秋枫,6.7,2016,免费
异能者之撒旦之眼,主演:高骏杨俊婷,7.0,2016,免费
执念之心,主演:林龙,6.8,2016,免费
那年·同学之不作不死不青春,主演:何美璇张伟,7.2,2016,免费
艳战风云,主演:闫鹿杨王多多,6.6,2016,免费
电车少女,主演:黄彦浩明,7.3,2016,免费
不作死不会死,主演:姜天阳杨爽,6.4,2016,免费
恋爱操控师,主演:徐栎坤王婉晨,6.6,2016,免费
辣条侦探,主演:颜敬杰漆子美,6.7,2016,免费
光明的二儿子,主演:孤星雪,7.0,2016,免费
末世恐惧症,主演:西葫芦吴逸迦,6.8,2016,免费
男神有烦恼,主演:徐扬徐小琴,7.1,2016,免费
借脸,演员为空,7.4,2016,免费
完美谋杀,主演:刘永明刘佳,6.7,2016,免费
辣条侦探,主演:颜敬杰漆子美,6.7,2016,免费
光明的二儿子,主演:孤星雪,7.0,2016,免费
末世恐惧症,主演:西葫芦吴逸迦,6.8,2016,免费
男神有烦恼,主演:徐扬徐小琴,7.1,2016,免费
借脸,演员为空,7.4,2016,免费
我的世界,主演:伍明锋罗冰,6.2,2016,免费
完美谋杀,主演:刘永明刘佳,6.7,2016,免费
花招,主演:涂圣成,6.5,2016,免费
捉奸队,主演:李萌萌,6.8,2016,免费
来自星星的女朋友,主演:秦汉擂陈玥丞,7.0,2016,免费
杀死钟馗,主演:范家其张璐瑶,6.7,2016,免费
镜仙,主演:刘冉冉马邵楠张冰倩,6.9,2016,免费
电拘惊魂,主演:苗韵桐景松涛,6.7,2016,免费
你好，2016,主演:黄烜韬,6.7,2016,免费
我想静静,主演:夏望李嘉雯,7.1,2016,免费
魔胎2016,主演:李健仁,6.0,2016,免费
山炮办事,主演:李龙代露娃,6.9,2016,免费
一夜未眠,主演:张刚邵芸,7.2,2016,免费
寻蛊,主演:张逊蓝娅,6.5,2016,免费
致命因素,主演:孙云涛常小豹,6.4,2016,免费
天下无盗,主演:王彪高玉林,5.8,2016,免费
鬼变,主演:郑旭东谢紫彬,6.9,2016,免费
卢瑟很嚣张,主演:张玉轩顾权,7.3,2016,免费
戏凤威龙,主演:孟瑞陈星池,7.1,2016,免费
惊魂夜,主演:胡乃青王梓,6.3,2016,免费
老道出山,主演:赵邦树彭京粉,6.5,2016,免费
青年F4,主演:王亮于天奇,7.3,2016,免费
我的黑道女友,主演:张智豪刘莉敏,7.1,2016,免费
圈子之德州风云,主演:张哲浩方芳,7.0,2016,免费
贼大胆儿,主演:聂毛刘骥,7.8,2016,免费
始料未及,主演:周甜甜黄立君,6.7,2016,免费
黑手,主演:廖娟吴波,6.9,2016,免费
校园鬼咖,主演:陈佳兴袁梦琦,6.6,2016,免费
泡王2,主演:方子健宋文佳,6.9,2016,免费
爱的十个约定,主演:田理叶思浵,7.0,2016,免费
绿宝石大劫案,主演:梁作诗王清宁,7.5,2016,免费
欲望迷宫,主演:奚志磊韩腾飞,6.0,2016,免费
租房惊魂之血墙,主演:王松涛,6.4,2016,免费
王贵与李香香,主演:任潇楠张琳然,7.4,2016,免费
青春迷城,主演:吴娜侯俊光,7.0,2016,免费
狐妖之美人狐,主演:牛犇涂世旻,6.9,2016,免费
家里来个俏女仆,主演:安志江安东野,6.9,2016,免费
少年圆瑛,主演:常晋高世祥,6.6,2016,免费
难兄烂弟,主演:李进彭波,6.0,2016,免费
盗爱空间之私人电影,主演:兰昊宇史向新,6.3,2016,免费
妻子的日记,主演:刘婠陈金州,6.2,2016,免费
光棍危机,主演:李超飞,6.3,2016,免费
恋上前妻,主演:刘苗苗,6.8,2016,免费
灵魂速递,主演:文渝淇文汐,7.1,2016,免费
时光,主演:蒋薇华,6.3,2016,免费
降魔家族之咒灵日记,主演:李感温心,6.6,2016,免费
还钱,主演:古享林王新中,7.3,2016,免费
找个僵尸谈恋爱,主演:毛泽少季东然,7.2,2016,免费
阿B特工,主演:韦海珊乐子龙,6.5,2016,免费
十国英雄联盟,主演:刘小春沈昌龙,5.9,2016,免费
再喊一声爹娘,主演:谢源赵毅维,7.9,2016,免费
异能者,主演:洪乐轩李映虹,7.4,2016,免费
梦次方,主演:杨凯茗马佳冶,7.6,2016,免费
我的校花妹妹3,主演:王博张娜,7.3,2016,免费
龙关村之异变,主演:孙渤洋王路路,7.1,2016,免费
暗道,主演:张家荣吴天戈,7.2,2016,免费
超能太监2黄金右手,主演:彭禺厶朱佳希,7.2,2016,免费
午夜纹身师,主演:查坤汝刘景伦,7.0,2016,免费
赌圣2016,主演:吴丹,6.5,2016,免费
预见未来的钟,主演:赫雷温心,7.0,2016,免费
激情时速,主演:钟锐王雅楠,7.0,2016,免费
阿飞的风流往事,主演:杨浩童一慧,7.1,2016,免费
难言之欲,主演:户国防,7.6,2016,免费
唯有时光不可辜负,主演:姚凯辰周永金张婷,6.9,2016,免费
丐帮传奇,主演:阮晓伟曾少凯,6.3,2016,免费
血嫁衣,主演:刘嘉文王红,6.6,2016,免费
雪狼拳王,主演:曹旭李雨轩,7.1,2016,免费
猛尸镇,主演:张艺源刘凌薇,5.5,2016,免费
农村合伙人,主演:武裔风付宇龙,7.3,2016,免费
主要看气质,主演:DemenWu汪洋,5.8,2016,免费
命运系统,主演:王曦仪孙霆,7.5,2016,免费
玩命敢死队,主演:潘润康孙烨,7.2,2016,免费
无主之地2016,主演:陈韦然迟漠寒,7.4,2016,免费
嫌疑人z,主演:闫鹏张小溪,7.0,2016,免费
滚蛋吧！情人,主演:彭波刘丹,6.8,2016,免费
魔窟之一夜惊情,主演:王萌赵煜,6.4,2016,免费
色囧之阴差阳错,主演:于蕙侨刘衍辰,7.0,2016,免费
恐怖秘籍,主演:余泽海,6.6,2016,免费
那些年唐伯虎追的女票2,主演:赵明莉王晓庆,6.4,2016,免费
铁臂侠,主演:颜敬杰金东黎,7.0,2016,免费
雀圣之脱线女神,主演:张智豪翟圆圆,6.9,2016,免费
无人村,主演:顾甜甜何彩满,6.7,2016,免费
灵探,主演:原维崔斌,7.2,2016,免费
玩命绑架,主演:乔晟一白亮,6.6,2016,免费
乱码英雄,主演:李沂恒袁陈丽,6.2,2016,免费
僵尸少女,主演:张宇张子午,7.0,2016,免费
逆爱2015,主演:李天翔王姬,7.5,2016,免费
男神,主演:唐博刘少杰,7.3,2016,免费
大哥别杀我之黑吃黑,主演:欧宇宁,6.9,2016,免费
恶灵家书,主演:廖望谢文迪,6.4,2016,免费
黑暗侵喜,主演:张杨陆韵煊,6.0,2016,免费
痞子律师,主演:刘頔,7.6,2016,免费
玄天战纪,主演:李文晓萝莉娜,6.5,2016,免费
女主与狗,主演:郎鹏赵菲,7.3,2016,免费
微信幽诡,主演:张扬张章,7.2,2016,免费
生猛海鲜,主演:何为顾权,7.3,2016,免费
疯狂的少妇,主演:罗梓丹,6.3,2016,免费
疯狂夺爱之搏击少年,主演:易扬何雅晰,6.9,2016,免费
左耳神探之诡来电,主演:郭晓峰李诺,7.3,2016,免费
欲望房间,主演:史恩旗,6.9,2016,免费
玉狐军团,主演:陈岚朱永媛,6.3,2016,免费
我的黑丝女友,主演:芦伟夏仪斌,6.2,2016,免费
悬异录之无限回廊,主演:杨宵顾玥,6.6,2016,免费
辣妹魅影,主演:张词刘畅,7.5,2016,免费
李白好忙,主演:陈国良杨晨,7.3,2016,免费
出租房,主演:朱永媛李昊天,6.4,2016,免费
偷窥狂魔,主演:唐博彭禺厶,7.4,2016,免费
青春出轨,主演:段斌周娜,6.2,2016,免费
谋皮,主演:陈利赵嘉奇,6.6,2016,免费
我们恋爱吧,主演:王全有单如,7.0,2016,免费
追梦狂想曲,主演:王洪祥周浩东,6.5,2016,免费
玩命追逐,主演:蔻钟吁刘超,6.9,2016,免费
荒野谋杀,主演:龙杨杨王珏,6.1,2016,免费
柏拉图之恋,主演:张红蕾,6.6,2016,免费
小矮人捉鬼记,主演:刘永奇,7.1,2016,免费
迷失客栈,主演:谢依霖林思海耿博文,6.4,2016,免费
恶之花,主演:李宁彭静,6.9,2016,免费
魔窟丽影,主演:于跃刘依恩,6.9,2016,免费
追梦星仔,主演:张磊季友荣何晨光,6.6,2016,免费
怨蝶,主演:吕艳蓓俞杰奇,7.1,2016,免费
嫦娥归来,主演:郭源元欧德心,6.5,2016,免费
幻相,主演:苏星侨马牧萱,7.3,2016,免费
鬼局之茅山社,主演:石晟张仟,6.8,2016,免费
疯狂的戒指,主演:王沫洋邵可人,6.9,2016,免费
西游外传之大圣娶亲,主演:单国栋,5.3,2016,免费
我在代驾的日子,主演:张大雷刘熙周昭龙,6.2,2016,免费
西游乱入三国下集,主演:萧赫彭德松,5.6,2016,免费
那些年唐伯虎追的女票1,主演:赵明莉黄子耀,6.2,2016,免费
青春的旅途,主演:何乙轩李宗雷,6.1,2016,免费
股神2：绝处逢生,主演:王梓楠秦楚明,7.8,2016,免费
监灵神探,主演:韦至吴晴,6.9,2016,免费
惊魂摆渡之蛊怨,主演:彭京粉徐佳汇,7.3,2016,免费
阴阳先生之末代天师,主演:钱小豪楼南光,7.6,2016,免费
美人劫,主演:翟圆圆杜阳,7.1,2016,免费
邕江之恋,主演:傅天骄郭金蓥,6.1,2016,免费
赌神驴山炮,主演:井元林贾相檀,7.1,2016,免费
入室者,主演:刘鸿沈凯,6.6,2016,免费
拳赎,主演:王浩宇沈文俊,7.0,2016,免费
幸存者游戏,主演:何籽乐,7.4,2016,免费
转世帝王,主演:袁钰植翟圆圆,6.5,2016,免费
灵骑尉,主演:陈国梁,7.0,2016,免费
友情岁月2016,主演:吴志雄黄汉钦,7.1,2016,免费
末世西游之二郎神传奇,主演:付仲禹李阳张嘉琦,6.6,2016,免费
御姐拳皇,主演:徐冬梅晋松,6.7,2016,免费
我的青春遇见妖,主演:张函峰,6.8,2016,免费
友情岁月2016,主演:吴志雄黄汉钦,7.1,2016,免费
末世西游之二郎神传奇,主演:付仲禹李阳张嘉琦,6.6,2016,免费
御姐拳皇,主演:徐冬梅晋松,6.7,2016,免费
我的青春遇见妖,主演:张函峰,6.8,2016,免费
异能杀手前传,主演:王嘉诚张燕峰,7.5,2016,免费
艳尸猎手,主演:刘俐娟刘明明,6.2,2016,免费
奇葩三人组,主演:黄一飞释延俊,6.7,2016,免费
猪妖记,主演:高雪鲜青洋周正达,6.5,2016,免费
杀手的档期,主演:珊妹刘伟超,7.1,2016,免费
大黑天神,主演:王宇赖晓生顾海岗,6.8,2016,免费
成佛,主演:王政张丽黛尔任毅,7.2,2016,免费
夜的第六章,主演:张子涵储毅,6.1,2016,免费
爱就爱了,主演:李思娜吴逸迦高琳,6.5,2016,免费
护士也疯狂,主演:张蓝艺李雨阳,7.0,2016,免费
校园星座师,主演:姜亦帆李俊毅孟婕,7.3,2016,免费
群主擒爱日记,主演:曹琳婕田博李紫滢,7.5,2016,免费
灵魂边缘,主演:吴剑宇张雪倩王宇静,7.0,2016,免费
那次匆匆,主演:蒋欣昕,7.5,2016,免费
邪医复仇,主演:杨弋墨马国芯郑旭东,6.3,2016,免费
少男时代,主演:田理叶思浵,6.9,2016,免费
亡徒之蛊惑人心,主演:袁国扬袁焯琛薛晨,7.0,2016,免费
绑架腹黑少女,主演:顾权孙瑜,7.1,2016,免费
皇拳,主演:王博戴安娜杨可,7.1,2016,免费
盗梦者,主演:王茹王艺龙飞,6.3,2016,免费
芳兰羽,主演:周浩东紫云迟华琼,6.5,2016,免费
欲祸,主演:秦龙孙玉程,6.6,2016,免费
流氓少年,主演:高翌心刘思序,7.1,2016,免费
走光的青春（下）,主演:冯凯孙侨潞肜耀忠,7.7,2016,免费
僵尸归来2消失的御林军,主演:宋翊菲朱佳希,6.9,2016,免费
火车大劫案2016,主演:郭乐刘梦梦肖龙,6.6,2016,免费
粉红佳人之致命情人,主演:王宇泽朱佳希,7.0,2016,免费
尸体派对,主演:刘洋李北岳,6.1,2016,免费
活着的尸体,主演:娄淇冯文砚,6.6,2016,免费
拉条子,主演:郭永花高正鹏,7.6,2016,免费
二货兄弟2,主演:尚桢张大龙,7.0,2016,免费
心动顺风车,主演:陈锡稳吕志广,6.9,2016,免费
命运大玩家,主演:魏兆雄方琦,7.2,2016,免费
天地银行劫,主演:甘昀宸刘超杨默,6.1,2016,免费
整形归来3：前世今生,主演:张慧雯赵婷,5.7,2016,免费
我的情人是条狗,主演:欧阳子佩,7.5,2016,免费
我们混过的江湖,主演:杨实聪范俊涵,7.1,2016,免费
黑巫术,主演:陈昊明姜雯雯,6.6,2016,免费
第三谎言,主演:梁爽,6.0,2016,免费
情人节奇妙夜,主演:徐娅飞刘凌薇,6.9,2016,免费
狂暴街区,主演:梁平赵靖舒玉,7.1,2016,免费
双马尾女战士,主演:曾凡子吴昱瑶韩昕妤,6.8,2016,免费
斗地主传奇,主演:秦沛温超周凯文,7.4,2016,免费
猎金骑士之疯狂野蛮人,主演:党辉许伟帆张博楠,7.1,2016,免费
措手不及,主演:陈烨王艺嘉,7.2,2016,免费
恐婚,主演:王晨许仙,7.4,2016,免费
西游乱入三国 上集,主演:萧赫彭德松,6.1,2016,免费
分爱,主演:王千友李炆桐彭睿,7.2,2016,免费
征服2016,主演:王凯唐涛顾宇波,6.5,2016,免费
猴王与女妖,主演:张皓翔杨莹莹张喜来,6.6,2016,免费
美女主播惊魂季,主演:TAMMY甜蜜,6.0,2016,免费
嘻哈西游之五指山,主演:于小鱼程芳杨文,6.3,2016,免费
怒拳,主演:杜亚南释延秀,6.6,2016,免费
王的美人之野蛮人乱入,主演:赵波姬天宇刘增锴,6.5,2016,免费
时空救援之明月危机,主演:杨润坤史雨张昊,7.4,2016,免费
女贼的诱惑,主演:何蕴依王越,7.1,2016,免费
最终复仇弓,主演:栗菡李宜坤彭静,6.3,2016,免费
诡宅·夜呻吟,主演:郜晓雨蒋姗郭晋豪,6.7,2016,免费
阴阳诡捕之黄妖迷情,主演:杨玥宫海滨陈木易,7.0,2016,免费
最后一个道士的往事,主演:廉捷高天景马宗彬,7.3,2016,免费
唐僧肉惊天大骗局,主演:疙瘩花旗黄旭高,6.2,2016,免费
萤火侠,主演:程旭辉蔡业翰,6.2,2016,免费
降魔传,主演:于歌傅筱尤亦泽,6.9,2016,免费
夺路狂飙,主演:秦楚明贾茹贾佳伦,6.2,2016,免费
致命轮回,主演:杜雨宸尤旻昊,6.8,2016,免费
魔道,主演:李中昱王艺,6.0,2016,免费
兵痞,主演:张秦山完颜羽珊,6.8,2016,免费
城市不知我哭泣,主演:田子琳郝旭晖马鑫鑫,6.9,2016,免费
我的白富美女友,主演:王超伟都钊,6.9,2016,免费
我滴个女神,主演:王晓天马越梅景洪,6.8,2016,免费
东京有点热,主演:薛赫卢冰铉,6.7,2016,免费
成名背后,主演:颜敬杰刘天阳,6.2,2016,免费
天使驾到,主演:郭月王晓东,7.2,2016,免费
年咋过,主演:张雷鸣白雪飞,6.8,2016,免费
手撕猪队友,主演:姜语心董麟,6.1,2016,免费
六木道长,主演:梓霖苏贵林,6.5,2016,免费
疯人乐园,主演:沈凯孔奇力,6.2,2016,免费
异色,主演:陈志伟单舒怡孙珂,6.0,2016,免费
传承,主演:吴斌然郭利兵苏伟刚,7.0,2016,免费
夜访梦游人,主演:陈玉娇朱荣荣,6.7,2016,免费
伟哥的春天,主演:佘萍陆由,6.8,2016,免费
盗墓女,主演:吕乐李东翰,6.7,2016,免费
我想告诉你,主演:夏仪斌皮逸嘉,6.7,2016,免费
诡影幽灵,主演:尤瑟夫崔呈伊,7.0,2016,免费
西游记之锁妖封魔塔,主演:于尚覃培军,7.0,2016,免费
千术,主演:周敬峰,7.5,2016,免费
生化奇兵之血洗尸巢,主演:王一宸,5.5,2016,免费
小三劝退师,主演:句号辛星果越超吴晴,7.4,2016,免费
骗贷风云,主演:郭嘉麟姚蛟方旭倩,6.7,2016,免费
奇葩双人行之战杭州,主演:张艺骞杨蕊丞陈家君,7.6,2016,免费
芈后传,主演:李娣胡方晨,6.8,2016,免费
催眠医生,主演:杨舒枫,7.2,2016,免费
疯狂的要账,主演:王炜,6.9,2016,免费
限期出嫁,主演:沈驰,7.1,2016,免费
越欲,主演:罗立群郭子溪明星,6.6,2016,免费
奋斗吧！青春,主演:黄彦,7.0,2016,免费
骗术大师,主演:赵毅劼,7.4,2016,免费
捉鬼计,主演:罗远波陈宇星李梦露,5.9,2016,免费
黑白有道,主演:苏德伦,6.8,2016,免费
愤怒的校花之高校惊魂,主演:朱佳希高成龙陈珂,7.4,2016,免费
少庄主追爱记,主演:李明憓,7.4,2016,免费
屌丝道长之古城老尸,主演:湿弟陈奇（演员）,5.5,2016,免费
古墓凶铃,主演:朱辉,7.1,2016,免费
大肉票,主演:黄一山骆达华胡杨,7.1,2016,免费
与千金同居的日子,主演:李晶戴金亮郭瑶瑶,7.1,2016,免费
全员怪咖,主演:李牧王溪鹭高天景,7.0,2016,免费
山炮进城2,主演:赵四小沈阳,7.3,2016,免费
重生之绝世医仙,主演:郭烁杰刘芊辰曾子窈,6.5,2016,免费
龙诀秘籍,主演:张轶朱晓婉,6.7,2016,免费
仙女归来,主演:章航李环宇,7.2,2016,免费
盗墓狐狸1盲画美女图,主演:姚开广刘芮侨,6.9,2016,免费
衰鬼记,主演:何欢,7.3,2016,免费
别笑江湖之一夜春梦,主演:范家其阮力刘婉露,7.8,2016,免费
奇门遁甲（2015）,主演:王宇泽刘熙,6.8,2016,免费
午夜追魂之嫩模缠身,主演:王瑞,6.5,2016,免费
跑男之夺路狂奔,主演:韩三明,7.5,2016,免费
北上征服老板,主演:张世玉,6.5,2016,免费
情人的眼泪,主演:哈里木拉提杨紫茗,6.9,2016,免费
拐角,主演:樊旭东,6.1,2016,免费
赌神争霸,主演:成宗焕,6.4,2016,免费
城管大战美人鱼,主演:刘依桐,6.9,2016,免费
整形大师,主演:曲岸,6.8,2016,免费
死亡钥匙,主演:叶超,7.1,2016,免费
山炮贼中贼,主演:张柏鑫,7.1,2016,免费
我的初恋是魔女,主演:李斌,5.7,2016,免费
终极父女,主演:左一阳,7.7,2016,免费
海女奇缘,主演:梁向阳,7.0,2016,免费
诡宅惊魂,主演:同斌,7.0,2016,免费
德云三逗士,主演:郭德纲,6.1,2016,免费
足迹神探,主演:杨惊羽,7.3,2016,免费
死亡通知单,主演:马诺,5.8,2016,免费
鬼谷山庄,主演:金瀚,6.9,2016,免费
三休之火星归来,主演:胡北,4.7,2016,免费
麦田跑道,主演:蔡一樊,7.0,2016,免费
一路撞鬼,主演:蔡哲铭,7.2,2016,免费
超能精神病,主演:王冰冰,7.0,2016,免费
吸血鬼公约,主演:陈辰,7.5,2016,免费
田螺姑娘,主演:张弛,7.1,2016,免费
极限使命,主演:袁江轶,6.4,2016,免费
走光的青春（上）,主演:肜耀忠,7.4,2016,免费
神秘预知,主演:张润杰,7.3,2016,免费
爱未远行,主演:王涛,6.5,2016,免费
台北夜蒲团团转,主演:陆永,7.0,2016,免费
左魔传：五勇士,主演:王欢,6.8,2016,免费
我很有才,主演:李瑞祥,7.3,2016,免费
朝阳群众,主演:杜晓帆,6.6,2016,免费
北上征服老板,主演:张世玉,6.5,2016,免费
情人的眼泪,主演:哈里木拉提杨紫茗,6.9,2016,免费
拐角,主演:樊旭东,6.1,2016,免费
赌神争霸,主演:成宗焕,6.4,2016,免费
城管大战美人鱼,主演:刘依桐,6.9,2016,免费
整形大师,主演:曲岸,6.8,2016,免费
死亡钥匙,主演:叶超,7.1,2016,免费
山炮贼中贼,主演:张柏鑫,7.1,2016,免费
我的初恋是魔女,主演:李斌,5.7,2016,免费
终极父女,主演:左一阳,7.7,2016,免费
海女奇缘,主演:梁向阳,7.0,2016,免费
诡宅惊魂,主演:同斌,7.0,2016,免费
德云三逗士,主演:郭德纲,6.1,2016,免费
足迹神探,主演:杨惊羽,7.3,2016,免费
死亡通知单,主演:马诺,5.8,2016,免费
鬼谷山庄,主演:金瀚,6.9,2016,免费
三休之火星归来,主演:胡北,4.7,2016,免费
麦田跑道,主演:蔡一樊,7.0,2016,免费
一路撞鬼,主演:蔡哲铭,7.2,2016,免费
超能精神病,主演:王冰冰,7.0,2016,免费
吸血鬼公约,主演:陈辰,7.5,2016,免费
田螺姑娘,主演:张弛,7.1,2016,免费
极限使命,主演:袁江轶,6.4,2016,免费
走光的青春（上）,主演:肜耀忠,7.4,2016,免费
神秘预知,主演:张润杰,7.3,2016,免费
爱未远行,主演:王涛,6.5,2016,免费
台北夜蒲团团转,主演:陆永,7.0,2016,免费
左魔传：五勇士,主演:王欢,6.8,2016,免费
我很有才,主演:李瑞祥,7.3,2016,免费
朝阳群众,主演:杜晓帆,6.6,2016,免费
北上征服老板,主演:张世玉,6.5,2016,免费
情人的眼泪,主演:哈里木拉提杨紫茗,6.9,2016,免费
拐角,主演:樊旭东,6.1,2016,免费
赌神争霸,主演:成宗焕,6.4,2016,免费
城管大战美人鱼,主演:刘依桐,6.9,2016,免费
整形大师,主演:曲岸,6.8,2016,免费
死亡钥匙,主演:叶超,7.1,2016,免费
山炮贼中贼,主演:张柏鑫,7.1,2016,免费
我的初恋是魔女,主演:李斌,5.7,2016,免费
终极父女,主演:左一阳,7.7,2016,免费
海女奇缘,主演:梁向阳,7.0,2016,免费
诡宅惊魂,主演:同斌,7.0,2016,免费
德云三逗士,主演:郭德纲,6.1,2016,免费
足迹神探,主演:杨惊羽,7.3,2016,免费
死亡通知单,主演:马诺,5.8,2016,免费
鬼谷山庄,主演:金瀚,6.9,2016,免费
三休之火星归来,主演:胡北,4.7,2016,免费
麦田跑道,主演:蔡一樊,7.0,2016,免费
一路撞鬼,主演:蔡哲铭,7.2,2016,免费
超能精神病,主演:王冰冰,7.0,2016,免费
吸血鬼公约,主演:陈辰,7.5,2016,免费
田螺姑娘,主演:张弛,7.1,2016,免费
极限使命,主演:袁江轶,6.4,2016,免费
走光的青春（上）,主演:肜耀忠,7.4,2016,免费
神秘预知,主演:张润杰,7.3,2016,免费
爱未远行,主演:王涛,6.5,2016,免费
台北夜蒲团团转,主演:陆永,7.0,2016,免费
左魔传：五勇士,主演:王欢,6.8,2016,免费
我很有才,主演:李瑞祥,7.3,2016,免费
朝阳群众,主演:杜晓帆,6.6,2016,免费
污龙客栈,主演:赵心怡,6.1,2016,付费
狂蒲之路,主演:杜赫旋洛奇,7.5,2016,付费
少女舞娘,主演:欧阳思维,7.2,2016,付费
偷窥之千面狗仔,主演:闫安李思宁,6.6,2016,付费
人鱼校花,主演:文卓邹杨,7.2,2016,付费
穷凶极恶,演员为空,7.1,2016,付费
亡命赌局,主演:唐国忠,7.3,2016,付费
谁是匹夫：张飞来了,主演:于永海廉欢苑立若心,6.4,2016,付费
通天之眼,主演:任潇楠,7.0,2016,付费
大宋夜总汇之花魁大选,主演:徐千京,6.4,2016,付费
午夜凶情,主演:罗玉颜,6.2,2016,付费
江湖囧途路,主演:孔轩程慧李志伟,6.0,2016,付费
碟仙显灵,主演:袁宗轩,6.9,2016,付费
城市侦探社,主演:赵杰,6.5,2016,付费
我不是羔羊,演员为空,6.7,2016,付费
绅士特攻,演员为空,6.3,2016,付费
一拳青春,主演:陈惠敏,7.4,2016,付费
一夜成名2016,主演:唐忠才杨洋,6.6,2016,付费
温柔的谎言,主演:熊艺岚苏德伦,7.1,2016,付费
荒山野人,主演:李星宇,6.5,2016,付费
女总裁的贴身高手（上）,主演:朱佳希,7.5,2016,付费
我的丧尸女友,主演:尚文答徐子鹿,7.5,2016,付费
异事手抄录-蝴蝶之塚,主演:苏永豪杜光祎,7.5,2016,付费
丛林笔记,主演:Pchy,7.0,2016,付费
你的青春闻起来很香,主演:王烁姚米娜,7.5,2016,付费
空心人之主播试爱,主演:耿博文刘博祥,6.3,2016,付费
新西兰探案之枭将级,主演:肖瑶YosonAn,6.1,2016,付费
神经大爆炸,主演:徐冰张优,6.0,2016,付费
钱规则之奇葩千金,主演:张星宇罗娟,7.1,2016,付费
一路狂野,主演:谢其均,6.0,2016,付费
污龙客栈,主演:赵心怡,6.1,2016,付费
狂蒲之路,主演:杜赫旋洛奇,7.5,2016,付费
少女舞娘,主演:欧阳思维,7.2,2016,付费
偷窥之千面狗仔,主演:闫安李思宁,6.6,2016,付费
人鱼校花,主演:文卓邹杨,7.2,2016,付费
穷凶极恶,演员为空,7.1,2016,付费
亡命赌局,主演:唐国忠,7.3,2016,付费
谁是匹夫：张飞来了,主演:于永海廉欢苑立若心,6.4,2016,付费
通天之眼,主演:任潇楠,7.0,2016,付费
大宋夜总汇之花魁大选,主演:徐千京,6.4,2016,付费
午夜凶情,主演:罗玉颜,6.2,2016,付费
江湖囧途路,主演:孔轩程慧李志伟,6.0,2016,付费
碟仙显灵,主演:袁宗轩,6.9,2016,付费
城市侦探社,主演:赵杰,6.5,2016,付费
我不是羔羊,演员为空,6.7,2016,付费
绅士特攻,演员为空,6.3,2016,付费
一拳青春,主演:陈惠敏,7.4,2016,付费
一夜成名2016,主演:唐忠才杨洋,6.6,2016,付费
温柔的谎言,主演:熊艺岚苏德伦,7.1,2016,付费
荒山野人,主演:李星宇,6.5,2016,付费
女总裁的贴身高手（上）,主演:朱佳希,7.5,2016,付费
我的丧尸女友,主演:尚文答徐子鹿,7.5,2016,付费
异事手抄录-蝴蝶之塚,主演:苏永豪杜光祎,7.5,2016,付费
丛林笔记,主演:Pchy,7.0,2016,付费
你的青春闻起来很香,主演:王烁姚米娜,7.5,2016,付费
空心人之主播试爱,主演:耿博文刘博祥,6.3,2016,付费
新西兰探案之枭将级,主演:肖瑶YosonAn,6.1,2016,付费
神经大爆炸,主演:徐冰张优,6.0,2016,付费
钱规则之奇葩千金,主演:张星宇罗娟,7.1,2016,付费
一路狂野,主演:谢其均,6.0,2016,付费
隔壁的他2,主演:巴多,7.2,2016,付费
美女与古惑仔,主演:曹西安,7.4,2016,付费
秘境,主演:杨天正孙歌璐,6.5,2016,付费
奇葩小子从影记,主演:柏程俊徐少强,6.9,2016,付费
空瞳画师,主演:张冠群王天宇,6.2,2016,付费
岭城兄弟情,主演:利哥,7.6,2016,付费
特殊房客,演员为空,7.4,2016,付费
伏魔太子,主演:赫雷,7.3,2016,付费
纸罪情谜,主演:陈奕夫张成成,6.0,2016,付费
极恶江湖-古惑镇传奇,主演:王灿舒克,6.5,2016,付费
大话修仙,演员为空,6.3,2016,付费
惊魂单身夜,主演:大兵,7.2,2016,付费
太阳泪,主演:武李明冯悠苒,6.5,2016,付费
我就是武大郎,演员为空,6.5,2016,付费
CODE 浮士德游戏,主演:吴慷仁谢沛恩,7.1,2016,付费
江湖再现,演员为空,7.4,2016,付费
欲尘,主演:郑梦瑶,6.1,2016,付费
我为瘦身狂,演员为空,7.1,2016,付费
妈妈的那碗大陈面,主演:盐虫,6.3,2016,付费
魔女乌龙院,主演:傅筱,6.6,2016,付费
心机BOY之女神的秘密,主演:李加靓吴博伦,6.2,2016,付费
终极直播2秘境,主演:杨瑷妃张天野,6.5,2016,付费
不愿错过你,主演:王智,6.1,2016,付费
我的大佬是女王,主演:孙小孟丁冠中,7.2,2016,付费
降魔师之血僵尸,主演:王一孙文雪,7.7,2016,付费
灵迹OL之蜜汁少年,演员为空,6.3,2016,付费
都市神探录1长城在上,主演:林川孙艺芳,7.7,2016,付费
碟仙归来,主演:周凯文,6.9,2016,付费
硬茬儿,主演:利哥王浩宇一灯,7.1,2016,付费
翻篇儿,主演:王浩宇利哥,7.7,2016,付费
灵异山谷,主演:徐嘉曼,6.7,2016,付费
天明神探之面具谜踪,演员为空,6.3,2016,付费
小宝艳遇记,演员为空,7.2,2016,付费
爱有神助攻,演员为空,6.7,2016,付费
夜店之王,主演:鑫翔,7.3,2016,付费
岭城奇遇记,主演:利哥大佛,7.6,2016,付费
尚红书院,主演:史恩旗,6.1,2016,付费
人鬼交易所,主演:付赫安琪,7.2,2016,付费
鬼瞳,主演:刘悦怡刘剑,6.9,2016,付费
我的黑道妹妹2之杀手悲歌,主演:郭柯彤梁俊一,7.6,2016,付费
暴走吧实习生,主演:李文骁,7.2,2016,付费
太极先锋,主演:沙学周,7.7,2016,付费
绝命少妇,演员为空,7.4,2016,付费
一个女人的秘密,主演:管怀洋张姝妺段冉,6.0,2016,付费
全力青春,演员为空,7.4,2016,付费
杀人魔画,主演:姜潮谈莉娜王一,6.8,2016,付费
隐形衣与高跟鞋,主演:孙逢苑,6.1,2016,付费
热血教师之麻辣厂长,主演:王厂长王瑞昌付欢欢,7.8,2016,付费
春光明媚,演员为空,7.5,2016,付费
不良男票,主演:廉捷刘银银,7.2,2016,付费
梦魇行者,主演:邵芸张刚,6.5,2016,付费
少女纯真,主演:姜耀,6.9,2016,付费
隔壁的他,主演:李子雄,7.4,2016,付费
天狼特遣队,主演:李晓枫（演员）,6.1,2016,付费
2017新男女关系,主演:肖基国杨孟霖,6.8,2016,付费
命运中转站,主演:李翰臣张永歆,7.6,2016,付费
陌生人（2016）,主演:梁小松梁寒冰司马珂,7.0,2016,付费
中学生爸爸,主演:何强,7.5,2016,付费
擒叔记,主演:马丹阳韩东,6.4,2016,付费
盗墓迷城,主演:宁玉辉张佳庆,7.0,2016,付费
外滩风云之秦怀传说,主演:王宇姬天语,7.5,2016,付费
绝色兵团之正义结盟,主演:樊蕊朱袁员,6.8,2016,付费
诛心之同窗异梦,主演:翁卡特詹妮,7.2,2016,付费
钱形迷宫,主演:孙亦凡王笑龙,7.5,2016,付费
死亡纹身,主演:启杰,6.7,2016,付费
夜回魂,主演:蒋菲关日鈊,6.6,2016,付费
格斗娇娃,主演:温心高韵,6.0,2016,付费
幻象催眠,主演:杨筱敏袁宗轩,6.5,2016,付费
花花世界大作战,主演:齐麟薛卉葳,6.9,2016,付费
文字杀,主演:周曼玉邵帅,6.5,2016,付费
丧尸来袭：异种禁区,主演:唐子健马海宁,6.0,2016,付费
海岛小卫士,主演:蔡华白雪,6.5,2016,付费
拳霸女团,主演:张米伽伍莹,7.7,2016,付费
诛仙番外之铃心剑魄,主演:王青李可,7.1,2016,付费
王牌御史之猎妖教室,主演:郑业成姜春琦柴浩伟,7.5,2016,付费
恋恋那年,主演:涵子杜鹏远,7.6,2016,付费
石猴传说之变幻江湖,主演:郭彦祥罗强,6.1,2016,付费
特二特工,主演:郝鹏飞艾叶婷,6.8,2016,付费
上海滩之枪枪走火,主演:刘锦,7.6,2016,付费
寻找我的神奇女友,主演:辛一周子茵曹蕾,7.6,2016,付费
五魅随行,主演:赵阳陈琳,7.5,2016,付费
放开那个女孩,主演:李玲赵昕彤,7.7,2016,付费
变异兽,主演:陈奕龙晏柔中,6.4,2016,付费
宿醉迷情,主演:林晨,7.6,2016,付费
我的奶奶是天使,主演:季勤杨司晨,7.8,2016,付费
天使宝贝,主演:熊晓勇,6.3,2016,付费
初吻后遗症,主演:郑中玉梁鑫,7.2,2016,付费
灵界助理,主演:贾博雅张愽塬,7.1,2016,付费
形意之惊魂记,主演:褚方平,6.2,2016,付费
女神送上门,演员为空,7.3,2016,付费
别让爱等待,主演:龙思琪蒲始源,7.7,2016,付费
女兄弟,主演:释小虎,7.4,2016,付费
聊斋变异,主演:萧赫谈苏阳,7.6,2016,付费
少年啦之零秒出手,主演:齐乐宋歌,6.8,2016,付费
谁是谁的谁,主演:张帅郭天杰,6.0,2016,付费
拜见女仆大人,主演:王昭,7.1,2016,付费
极品租客俏房东,主演:张艺冰甲丁,6.9,2016,付费
球舞青春,主演:赵强高翔宇孙婕彭静,7.4,2016,付费
13·14室,主演:张蓝兮刘晨睿,7.0,2016,付费
黄金右脚,演员为空,7.5,2016,付费
幻梦者,主演:刘少杰,7.2,2016,付费
死亡短信,主演:王瑞儿,7.6,2016,付费
迷局2016,演员为空,6.1,2016,付费
没事，找事,演员为空,7.0,2016,付费
春眠不觉晓,主演:舒贵林邹旭峰,7.1,2016,付费
拯救人马少女,主演:王路路王天楚李炯柱,6.3,2016,付费
夺命快递,演员为空,6.8,2016,付费
板砖修仙者二,主演:胡译文,6.3,2016,付费
玩命直播,演员为空,7.2,2016,付费
北电女孩,演员为空,6.2,2016,付费
老九门番外之四屠黄葵,主演:胡耘豪艾丽娅李明,7.5,2016,付费
超级武神之龙行天下,主演:李奇龙,7.1,2016,付费
野狼突击之民兵崛起,主演:谭江田思思,5.9,2016,付费
囧会遇到爱,主演:蓝飞洋,7.2,2016,付费
职场三贱客,主演:许媛媛,7.1,2016,付费
封灵记,主演:魏巍许奕,6.0,2016,付费
意外恋人,主演:宫海滨马藜胡悦刘颺,7.5,2016,付费
迷情少女复仇记,主演:刚小希,7.6,2016,付费
感应时速之暴走飞车,主演:吴嘉亮张已桂,6.1,2016,付费
恩情似海,主演:洪波银艺,7.9,2016,付费
恋爱父子兵,主演:李泰延,7.5,2016,付费
不 可 思 议 学 园,主演:邱辉蓝娅,7.6,2016,付费
名侦探苏小妹,主演:房倾婷梁笑,6.9,2016,付费
游戏时间到,主演:王龙,7.1,2016,付费
女校也疯狂,主演:李柏霖李双许杨许瑶,7.8,2016,付费
城里套路深,主演:MC天佑吴涛,6.8,2016,付费
夺爱大作战,主演:唐伟鹏关键,6.8,2016,付费
契约女神,主演:曲昱曈李欣雨臧一人,7.4,2016,付费
超能女仆,主演:孙隽圣诺瑶,7.4,2016,付费
巴黎，12点,演员为空,6.7,2016,付费
古惑仔之王者归来,主演:王思阳孟醒,7.6,2016,付费
致命追杀,主演:李永鑫,7.2,2016,付费
追妞大联盟,主演:刘小乔何佳伟,7.1,2016,付费
暴力音符,主演:张云卉骆应钧,7.0,2016,付费
外星男友,主演:秦翔宇王子琦,7.2,2016,付费
不愿失去的爱,主演:潘思羽,6.5,2016,付费
澳门往事之猛虎过江,主演:张钧涵许君聪,7.8,2016,付费
赌王2016,主演:程东彭敬慈,6.4,2016,付费
逆天行者,主演:陶建来程志远,7.3,2016,付费
骗爱天团,主演:王梁黄蓉,7.3,2016,付费
误闯疯人院,主演:梁烈唯钟旻皓,7.1,2016,付费
一路风骚,主演:熊涛,7.2,2016,付费
女主播事件,主演:王紫怡夏念念,7.0,2016,付费
汉中风云,主演:姜山张宇,6.7,2016,付费
青春不错爱,主演:郑丹丹计美臣张嘉艺,7.2,2016,付费
纸房子,主演:刘浩闻吴烨孙楚鸿,6.4,2016,付费
霸道将军网红情人,主演:贾顺治钱芊伊,7.2,2016,付费
凯子进城,主演:胡永凯杜萌,7.2,2016,付费
我不是奇葩之疯狂沙滩,主演:郭天波张钰,6.8,2016,付费
色域迷城,主演:王萌曾丽瑶,6.3,2016,付费
十恶不赦,主演:海萍大崎明,7.0,2016,付费
亲密导游,主演:张启辉罗文静,6.5,2016,付费
寻找中单,主演:张超景林夕,6.5,2016,付费
阴阳秘闻,主演:游千惠孙书博,6.6,2016,付费
血战铜锣湾2粤语版,主演:许君聪利哥金刚,6.8,2016,付费
逆时空少女,主演:花儿,6.9,2016,付费
生化英雄·夺魂,主演:武琳（女）沈文俊,6.6,2016,付费
问刀,主演:张子旋王威,6.7,2016,付费
致命觉醒,主演:贺刚林晨,7.5,2016,付费
男公主,主演:孔小铭张芮,7.5,2016,付费
有个坏蛋爱过我,主演:文东俊娜依灵儿,7.2,2016,付费
左手刘邦右手项羽,主演:储毅徐思远,6.5,2016,付费
好莱坞大侦探,主演:陈辉成弈莹,6.1,2016,付费
神笔马娘,主演:张俪刘桦,7.8,2016,付费
3509,主演:吴建国叶思彤,7.0,2016,付费
特异犯罪调查科,主演:曾伟权韩马利,7.5,2016,付费
桃色高跟鞋,主演:陈恩涛钟情高超,6.6,2016,付费
护花密探,主演:孙海洋郑清文,7.8,2016,付费
非常宿命,主演:仙洋小花,7.0,2016,付费
鬼眼神瞳,主演:张家川朱琳,7.1,2016,付费
电竞高校Ⅱ,主演:李晓峰（SKY),7.6,2016,付费
电影之狂,主演:张能富黄励琪,6.2,2016,付费
千亦有道,主演:穆怀磊宋丹妮,6.9,2016,付费
白虎大战僵尸王,主演:李小明龚胜芳,6.8,2016,付费
三国网事之你终于来了,主演:郭丞艾航,7.7,2016,付费
双生魔,主演:谢黎明,7.6,2016,付费
热得要命的爱情,主演:孙基轩,6.6,2016,付费
懒得恋爱,主演:王婉晨,7.4,2016,付费
霾途,主演:高森欧雨桃,7.0,2016,付费
茉莉花开的时候,主演:王亮,6.4,2016,付费
大明赌神,主演:黄梓熙,7.0,2016,付费
娱乐圈的那些事,主演:温兆伦阳蕾康华,7.6,2016,付费
黄大仙,主演:胡榧赵予琦,7.4,2016,付费
近身兵王,主演:郑文杰刘子瑜,6.7,2016,付费
狱中风云之牢底坐穿,主演:苏莎任熙青,7.0,2016,付费
超级道长2伏魔篇,主演:孙云涛李小伟,6.6,2016,付费
霸道总裁爱上谁,主演:萧赫孙梦纯,7.5,2016,付费
老九门番外之恒河杀树,主演:王美人,7.5,2016,付费
小林徽因,主演:金士城,6.0,2016,付费
苍龙谷,主演:李阳刘章杨,6.2,2016,付费
欲望手机,主演:王新孟贺志强,7.0,2016,付费
灵忆招魂,主演:廉赛鲍丹,7.0,2016,付费
我的女神,主演:周跃奇杨溢,7.3,2016,付费
赌神归来2之黄金赌城,主演:师一钧欧宇宁,6.7,2016,付费
嗜血将军,主演:薛小冉李洋,7.5,2016,付费
超级异能人,主演:张亚飞,7.8,2016,付费
囚禁少女,演员为空,6.9,2016,付费
凶宅灵异事件,主演:陈美行曾帅,6.8,2016,付费
西游归来之师徒今生,主演:刘超,6.3,2016,付费
丛林玩过界,主演:刘璇,7.6,2016,付费
宫廷秘术之不老模特,主演:苗贺程,6.9,2016,付费
道门御姐,主演:邓宁,7.3,2016,付费
我的拳霸女友,主演:兰昊宇,7.0,2016,付费
炮哥传奇,主演:弘潇冰心,7.6,2016,付费
寡妇刺客,主演:韦海珊吴浚诚,7.2,2016,付费
封神战记2:极品女仙,主演:李佩泽王骞,5.6,2016,付费
浴缸神探,演员为空,7.1,2016,付费
异类之两生妖,主演:高瀚宇赵婉婷,7.0,2016,付费
树春杀人事件始末,主演:胡悦,6.3,2016,付费
迷图,演员为空,7.0,2016,付费
逗比侠,主演:马瑜遥,6.9,2016,付费
超能赌神2,主演:张珈珈苏比,7.2,2016,付费
别碰我闺蜜,主演:金铁峰,7.0,2016,付费
色控女郎乌莉金,主演:孟晓艺李文骁,7.9,2016,付费
桃色公主,主演:刘谋峰,6.4,2016,付费
九五2班,演员为空,7.1,2016,付费
大明奇冤,主演:陆昱霖,6.9,2016,付费
古墓女友,主演:武艺,7.1,2016,付费
大哥不要,主演:曹颖,7.8,2016,付费
黎明契约之血族阴谋,主演:王子睿,6.6,2016,付费
炮哥进城,主演:郭金杰,7.8,2016,付费
驱魔法典,演员为空,6.6,2016,付费
直播,主演:施丹江李俊杰,6.8,2016,付费
生死十分钟,主演:薛建邦朱祥林,7.3,2016,付费
陷身,主演:张婷婷葛杨曦,6.7,2016,付费
新笔仙,主演:崔馨鑫,6.8,2016,付费
绝色女赌王,主演:刘小乔何佳伟,7.0,2016,付费
召唤奇兵,主演:李佳怡吴骁栩,6.6,2016,付费
诡订餐,主演:徐少强彭敬慈,7.0,2016,付费
二郎神探之江湖总裁,主演:李佳颖,6.3,2016,付费
北京往事,主演:廖美露,7.4,2016,付费
囧人阿玖之疯狂24H,主演:杜肖雄周浩东,7.4,2016,付费
古惑镇激斗少年2,主演:孙昊刘奕,7.6,2016,付费
绝世神偷,主演:宣言李萌萌,7.6,2016,付费
蒲出去3（国语）,主演:陈柏宇李雅丽刘京永,6.7,2016,付费
鲜花与牛奋,主演:邹晶晶张瑞贵,6.6,2016,付费
分手别把锅带走,主演:董晴方文强,7.1,2016,付费
下流江湖,主演:周子超严宇馨,6.9,2016,付费
锤鬼记,主演:李骏诚徐东璐,6.3,2016,付费
再见心机婊,主演:何索纪海星,7.8,2016,付费
再见心机婊,主演:何索纪海星,7.8,2016,付费
魔力学院之我是麻瓜,主演:高成龙郜玄铭,7.1,2016,付费
平行世界之逗比帮,主演:雷宇航郭星冶,6.1,2016,付费
整蛊三贱客之拆散一对是一对,主演:吴春燕阙子恒,7.8,2016,付费
僵尸拍档,主演:林芝胡方舟,5.6,2016,付费
欠逗比一个三年,主演:李成龙,7.9,2016,付费
蒲出去3,主演:陈柏宇李雅丽刘京永,6.9,2016,付费
诡念之心慌慌,主演:朱文鹏张建峰,6.6,2016,付费
血迹,主演:彪子张晏宁,7.0,2016,付费
混世小魔女,主演:秦汉擂,7.0,2016,付费
月老神龟,主演:孙雅,7.2,2016,付费
我的WiFi女友,演员为空,7.4,2016,付费
傻兄笨弟蠢侦探,主演:牛戈金玉,7.0,2016,付费
王牌巅峰对决,主演:赵嘉伟代晋,6.0,2016,付费
瞄准轻熟女,演员为空,6.9,2016,付费
欲界,演员为空,7.6,2016,付费
风流草,演员为空,7.4,2016,付费
惊魂直播夜,演员为空,6.7,2016,付费
老九门番外之虎骨梅花,主演:杨紫茳张铭恩,7.2,2016,付费
冒牌间谍,主演:张优,7.0,2016,付费
神秘来客,主演:李响,7.3,2016,付费
音乐江湖,主演:薛之谦黄龄,7.5,2016,付费
极速江湖之激战,主演:刘锦赵文琪,6.8,2016,付费
申猴·我的特工大叔,主演:褚强李方涵,7.2,2016,付费
智能迷失,主演:费鸿嘉,7.0,2016,付费
特殊生物调查科2,主演:林雪彭敬慈,7.6,2016,付费
我的发小儿,演员为空,7.7,2016,付费
炮灰2,主演:王梓楠,7.6,2016,付费
迷途少女,演员为空,6.8,2016,付费
四平青年之浩哥大战古惑仔,主演:张浩杜煜峰,7.8,2016,付费
夜店变形记,主演:赵雅淇,7.5,2016,付费
超能男友,演员为空,6.2,2016,付费
颤抖吧大咖,主演:崔志佳小黄飞,6.9,2016,付费
行李箱里的少女,主演:汪小敏,6.8,2016,付费
妹儿,主演:徐大宝刘雪涛,7.2,2016,付费
奇异联盟,主演:杨森,7.2,2016,付费
僵尸降头,演员为空,7.2,2016,付费
津门侠盗团2,演员为空,6.6,2016,付费
玄灵界,主演:杨世瀚,6.1,2016,付费
校园疯骚史2极速风流,主演:文卓张纬驰,7.2,2016,付费
鬼目迷情,主演:王尉李炳宜,6.8,2016,付费
隔墙有耳,主演:王子伊胡艺杰贾佳伦,7.5,2016,付费
夜战,主演:张维陆畅,7.0,2016,付费
一路夜蒲,主演:谢茗宇黄思思,6.8,2016,付费
快递超人,主演:张远张珊萌,7.5,2016,付费
完美假期之从雪山到大海,主演:陈宝国石玉凤,6.2,2016,付费
人鬼同居,主演:陈霜田思思,6.5,2016,付费
摄制组惊魂,主演:周婷乔波波,6.6,2016,付费
我的玩具女友,主演:王紫杨舒涵,7.4,2016,付费
同居指南（上）,主演:聂诗齐浚羽,7.2,2016,付费
三傻捧明星,主演:齐追航蓝杰,7.3,2016,付费
寄生大脑,主演:陈惠敏韦海珊,7.1,2016,付费
惊天无敌团,主演:肖龙刘乐乐,6.4,2016,付费
封神战记1.摄魂阵,主演:李佩泽王骞,5.9,2016,付费
喂！熊孩子,主演:黄志玮程诗诗,7.2,2016,付费
超级贱谍,主演:于磊李彧,6.0,2016,付费
牙痛入心,主演:王永健项宇,6.0,2016,付费
东北喜剧人,主演:小沈龙孙小北,7.1,2016,付费
魂在囧途,主演:林稀邱超凡吴文辉,7.1,2016,付费
网红直播间,主演:曲桐雨逯子豪,7.2,2016,付费
绑架男神,主演:刘汉兆隆莎,6.9,2016,付费
姐姐我爱你,主演:龙思雨张朔刘文杰,7.5,2016,付费
监狱疯云,主演:巨兴茂何云伟,7.6,2016,付费
人造暖男,主演:孙佳琪,7.7,2016,付费
星际阴谋,主演:何万飞谢江南韦中宇,5.8,2016,付费
少女龙婆,主演:邵音音郭奕芯,6.4,2016,付费
整容院奇人事之爱妻也疯狂,主演:许玲凌勇,6.4,2016,付费
中戏北电那些事,主演:张亚希韩天宇,6.5,2016,付费
三界奇侠传,主演:彭禺厶朱佳希,6.9,2016,付费
青春很牛,主演:姜析源,6.3,2016,付费
八棺索财,主演:喻恩泰曹鹤阳,7.0,2016,付费
诡魂杀逗B剧组,主演:王宝器关思慧,7.5,2016,付费
校花蜜事,主演:张晋升李小虎,7.1,2016,付费
逃出解剖楼,主演:杜玉明张弛,6.7,2016,付费
深更半夜,主演:傅丹妮,6.6,2016,付费
赶尸人之九阴蛊女,主演:苗贺程黄易子,6.8,2016,付费
断魂山,主演:全欣刘傲,6.1,2016,付费
大宝剑传奇,主演:鑫翔王瑞儿,6.9,2016,付费
大话红楼,主演:于苏桐刘沫彤,6.4,2016,付费
大命理师之三日三夜,主演:绍雍,7.3,2016,付费
异能侦探,主演:全原徹,7.2,2016,付费
盗盗盗·非常道,主演:岳辛洪冰瑶,7.3,2016,付费
十品芝麻官,主演:卢昌哈,7.2,2016,付费
离奇失踪,主演:庄红虎陈姣,6.3,2016,付费
夜店三国,主演:饶天亮张姝妺,7.4,2016,付费
失联之E路狂奔,主演:王苗王紫垣,6.0,2016,付费
聂小倩之兰若客栈,主演:张天天,6.1,2016,付费
我的热血男友,主演:郑旭东洪倩,6.5,2016,付费
真爱风暴,主演:刁彪孙心娅汤斯婷,7.2,2016,付费
权力游戏之死亡空间,主演:杨子美刘朕利,7.1,2016,付费
挑战少林功夫,主演:侯晓明周鹏奥列格,6.9,2016,付费
代驾血谜,主演:石毅李晓薇程子铭,7.1,2016,付费
女祭司,主演:陈亦如高韵,6.6,2016,付费
毛骨悚然之古曼惊魂,主演:陈泳圻陈依雯,7.1,2016,付费
深夜办公室,主演:付柔美琦朱昱衡,7.0,2016,付费
深圳鸟人,主演:杨旻咏陈菲菲,6.9,2016,付费
逗僵尸,主演:陈观泰李永林,6.2,2016,付费
湘恋日记,主演:王俊彭胡恬溦,6.0,2016,付费
洋炮进村,主演:苏柏白星,7.0,2016,付费
特殊生物调查科,主演:林雪彭敬慈孙佺于果,7.4,2016,付费
撞锁,主演:王雨峰马蚁,6.9,2016,付费
笑八仙之吕洞宾下山,主演:郭鑫,6.6,2016,付费
电竞之王,主演:张玉轩李子雄,7.2,2016,付费
血战铜锣湾2,主演:许君聪利哥,6.8,2016,付费
阴阳先生之阴阳中间站,主演:彭禺厶高成龙,7.4,2016,付费
永清小子之穿越古战道,主演:梁小龙石瀚文林婉盈,6.1,2016,付费
身体借位,主演:苏晓莫,6.7,2016,付费
欲屠,演员为空,6.0,2016,付费
迷失的音符,主演:陈晓雪陈孝峰,6.9,2016,付费
仙布传奇,主演:李春晓,7.2,2016,付费
舌战,演员为空,6.8,2016,付费
绝色女神,主演:罗永强来永丹,5.9,2016,付费
老票,主演:句号,6.1,2016,付费
情迷地中海之古堡魔咒,主演:王欣如姜易王鸿佳,6.0,2016,付费
我不是黑社会,演员为空,6.6,2016,付费
马三的礼物,主演:李国庆朱晓彤,7.0,2016,付费
活宝二人组之为爱痴狂,主演:马磊赵亮郭木兰,6.7,2016,付费
美人鱼之回头是岸,演员为空,6.8,2016,付费
真相禁界,主演:许玮妍,6.5,2016,付费
如影随形2016,主演:罗蓝山金梦琪,6.5,2016,付费
云的童话,主演:汤镇业刘明明,6.2,2016,付费
老九门番外之二月花开,主演:张艺兴,7.7,2016,付费
黑暗中的双眼,主演:祝愿李楠代春晓,6.5,2016,付费
年关（2016）,主演:马诚李志安马杰,6.6,2016,付费
隐匿情人,主演:赵茉舒张明伟,7.0,2016,付费
嗜血审判,主演:刘夏李俐杰,7.5,2016,付费
离婚真难,主演:吴英東曹洁侍萍萍,6.1,2016,付费
僵尸先生和校花！,主演:张亚希,7.1,2016,付费
铁柱进城,主演:包美美苏格于浩,7.3,2016,付费
欲望美人,主演:许婷丁雨,6.8,2016,付费
黑白道血泪篇,主演:李媛程妮,6.9,2016,付费
黑道三宝,主演:王文涛张元洲,7.1,2016,付费
盲宅异梦,主演:万昕刘禹,7.6,2016,付费
消失的女人,主演:孙瑜,7.5,2016,付费
惊天奇案1真凶现容,主演:吴坚业余爱民,6.4,2016,付费
地球上最后一只僵尸,主演:林杉刘子瑜,6.7,2016,付费
最后一个阴阳先生,主演:钱儒骏周甜甜蔡辉达,6.6,2016,付费
官人别闹,主演:张涵,7.5,2016,付费
姬教授下,主演:肖宗灵,6.2,2016,付费
一夜百万,主演:杨晋张蓝艺,6.8,2016,付费
异类之行走的古堡,主演:高瀚宇赵婉婷,7.6,2016,付费
青春试爱,主演:李玉龙可风,7.3,2016,付费
特殊嫌疑犯,主演:孙雪岩余庆,6.6,2016,付费
黎明契约之狼族后裔,主演:王子睿,7.3,2016,付费
梦游水浒之炊饼侠武大郎,主演:赖晓生欧阳雨霏,7.5,2016,付费
冒牌货,主演:王帅博缪海梅,6.7,2016,付费
毒语者之毒奏,主演:史元庭王妍,7.3,2016,付费
大赌豪2之龙兄虎弟,主演:张铎王旭东,7.0,2016,付费
诡案组之魔影杀手,主演:那威龙媚,7.0,2016,付费
所爱非人,主演:李雅男任欣羽,7.1,2016,付费
Angela拉拉,主演:徐飞孔庆冰,6.5,2016,付费
充气女友进化论,主演:曹然然古筝,7.3,2016,付费
狗脸记,主演:修睿张钧涵,7.5,2016,付费
活死人追踪,主演:陶醉王可如,6.3,2016,付费
悬棺迷尸,主演:方勇练铭卓,7.1,2016,付费
我的同桌是极品,主演:赫子铭王海涛,7.6,2016,付费
时光插班生,主演:李冠明杨杏许媛媛,7.4,2016,付费
贱神三少爷,主演:杨博张美娥,7.1,2016,付费
大明锦衣卫,主演:应昊茗李璐兵,7.2,2016,付费
魔兽兄弟,主演:洪天明桑平王厦,7.8,2016,付费
永生之书之白房间,主演:孙梦纯,7.4,2016,付费
软硬天师,主演:肖旭冯粒,6.8,2016,付费
荒野大逃杀,主演:荆民强,6.8,2016,付费
荼蘼杀机,主演:高胤邵芸,7.7,2016,付费
别动我女神,主演:王李丹妮张天骐,6.3,2016,付费
幻世界,主演:蒋欣奇,6.7,2016,付费
中二病少女要拯救世界,主演:张美琪王劲松,6.9,2016,付费
窃肤之爱,主演:张小龙李姗,6.6,2016,付费
少女凶猛,主演:王睿,7.4,2016,付费
主播36式,主演:温兆伦翁艺鸣,6.9,2016,付费
鬼拳,主演:洪天照韦海珊,7.3,2016,付费
极道校园,主演:陈尚泽李萌萌,7.5,2016,付费
人工智能：伏羲觉醒,主演:雷鹏宇姜佩瑶,7.1,2016,付费
无限斗界之暗夜双龙,主演:冯建宇王青,7.8,2016,付费
仙班校园2,主演:吴樾锦荣于谦王祖蓝,7.2,2016,付费
豪门少女寂寞心,主演:冯芷墨孙玮伦,6.6,2016,付费
亡命时空,主演:刘谋峰,6.4,2016,付费
全金属裂痕,主演:李熠霖徐荷媛,6.5,2016,付费
赌途,主演:张梦恬,6.7,2016,付费
雪夜魂飞,演员为空,7.0,2016,付费
暴君画家的情人,主演:刘前程王维琳,7.1,2016,付费
英雄江格尔,演员为空,7.3,2016,付费
燃烧的噩梦,主演:颜丹马梓涵,6.0,2016,付费
探魔导师,主演:洪冰瑶孔舒航慕岩,6.3,2016,付费
江南皮革厂,主演:范炜赵灵,7.1,2016,付费
深海X异种,主演:李璐兵叶新晨陈威旭,6.3,2016,付费
风水先生,主演:张柯,6.3,2016,付费
盲少爷的小女仆,演员为空,7.1,2016,付费
暗影特工局,主演:徐开骋彭渤,6.8,2016,付费
逆天侠盗团：百盗之局,主演:于小彤贾征宇,7.5,2016,付费
站住！别跑！,主演:葛铮卢野,7.0,2016,付费
古惑镇激斗少年,主演:孙昊,7.4,2016,付费
白雾谜岸,主演:王薇,6.9,2016,付费
日夜男女,主演:杨冬麒大兵,7.4,2016,付费
丧尸屠城2,主演:张胥鸿,6.9,2016,付费
我的护士女友,主演:唐菲,6.7,2016,付费
鬼瞳警探,主演:李灿森刘羽琦,6.6,2016,付费
我的极品女神（粤语）,主演:郑伊健周秀娜何浩文,7.7,2016,付费
我的极品女神,主演:郑伊健周秀娜林子聪,7.6,2016,付费
玩偶2016,主演:廖语辰刘思涵,6.5,2016,付费
三界传说之驱魔人,主演:张宇方芳,6.2,2016,付费
刺客记忆之血月,主演:启杰,6.9,2016,付费
超时空谋杀,主演:曹然然龚格尔,6.5,2016,付费
一路向南,主演:冯建宇张晓林,7.6,2016,付费
大梦西游,主演:谢苗张赫,7.7,2016,付费
虚拟情人,主演:吴民凡陈凯薇,7.5,2016,付费
茅山邪道之养尸冢,主演:韩兆李菁,6.7,2016,付费
血战铜锣湾,主演:许君聪刘晓晔,6.7,2016,付费
心碎急诊室,主演:李川庞翰辰,7.0,2016,付费
漫长一夜之赶尸列车,主演:李祥祥董潞蔓,6.9,2016,付费
我的超能叔叔,主演:张西正,7.6,2016,付费
你行你上,主演:韩明霖毛友凤,7.0,2016,付费
倒霉的凶手,主演:沈保平林晨,6.8,2016,付费
追踪和氏璧,主演:宋喜周阳光,6.3,2016,付费
僵军归来,主演:宋珉宇郭力行,6.7,2016,付费
以为是老大,主演:那威,7.6,2016,付费
萌兄蠢弟之大明星奇遇记,主演:乔卡卡小米孙研翔,7.6,2016,付费
我的野蛮蚁后,主演:孙少伟王全城,6.5,2016,付费
七宗罪之爱欲深渊,主演:陈鹏辛柔,5.8,2016,付费
嘿！哥们,主演:白子健陈俏,7.3,2016,付费
别再打我了,主演:陈叶玲张律,5.3,2016,付费
硬盘少女,主演:马瑶瑶,7.3,2016,付费
追爱秘籍之娘炮来了,主演:赵鑫赵儒嫣,6.3,2016,付费
遇见恶魔2016,演员为空,6.1,2016,付费
亡魂夜,主演:张嘉金梓壑,5.7,2016,付费
二胎,主演:杨爵,6.3,2016,付费
弹弓侠,主演:许其成王浩名管爱标,6.4,2016,付费
青砖侠,主演:张柯包磊夏浩南,6.4,2016,付费
欲望监禁,主演:李蒙凌柒丁雅,6.1,2016,付费
凶宅异界,主演:马婵娟焦文倩,6.9,2016,付费
电竞高校,主演:刘畅叶子淇,7.5,2016,付费
长白山传说之捉仙记,主演:房飞霖陶思源孔铭,6.6,2016,付费
香蕉女郎,主演:王鹤铮,6.7,2016,付费
DS绅士,主演:苏广益顺子,6.4,2016,付费
正果,主演:张优李菁菁80s,6.8,2016,付费
欲望电梯之魔道出击,主演:段冉苏德伦,6.0,2016,付费
今古诡事录：亲爱的他,主演:杨子茜金士城,6.2,2016,付费
反击绿茶大作战,主演:李晓语,7.9,2016,付费
囧探之大漠枭雄,主演:王书麒朱慧敏于玄子,6.1,2016,付费
我的房东之诡宅窒息,主演:安笑歌,6.2,2016,付费
同学合租吗,主演:王良苗青,7.0,2016,付费
僵尸七日重生,主演:杨森,5.5,2016,付费
黄泉山庄之色界,主演:孔东东沙慧孙浩雨,6.8,2016,付费
迷失空间,主演:江奇霖,6.1,2016,付费
注定遇见你,主演:周紫馨李应七袁芳,7.1,2016,付费
危险人格,主演:叶良辰任梓溪,6.5,2016,付费
堕落花之鬼打墙,主演:梁雪芹顾宝丰,6.6,2016,付费
玩大了,主演:墨布文湘俄木子豪,6.0,2016,付费
深夜我带你回家之致命车票,主演:邱浩轩董素奇,6.9,2016,付费
怂人囧事,主演:李乐俞佳赵刚,6.9,2016,付费
灵异桑拿,主演:方楚彤张宇飞,5.9,2016,付费
身边的恶魔之恐怖来袭,主演:贺双彬,6.5,2016,付费
极速风暴,主演:黄婉婷,7.3,2016,付费
灵异手术,主演:杨森,7.0,2016,付费
出马仙,主演:张艺骞吴恙,7.2,2016,付费
美腿JQK,主演:尹航刘艺丹杨雪,7.3,2016,付费
夜魔坛之女校怪谈,主演:章乐韵后欣欣,6.2,2016,付费
蕾丝妙探,主演:王欢张也,7.2,2016,付费
夜店奇缘,主演:夏仪斌陈宇建,6.8,2016,付费
花心最好命,主演:黄施儒亚孟乐,7.4,2016,付费
养魂计划,主演:李秋望袁伟龙,7.0,2016,付费
薛定谔的猫,主演:阮晓伟王馨瑶,7.4,2016,付费
奇侠,主演:韩超曾惜,5.9,2016,付费
道士大战碟仙碟,主演:水原碧衣张晗,5.1,2016,付费
魔界判官,主演:叶丹姜星呈陈杨子,6.6,2016,付费
道长帮帮忙之猎月魔星,主演:侯辉辉韩强,6.6,2016,付费
悬影重重,主演:张晓东赵幼幼,6.1,2016,付费
找个高富帅？,主演:徐申东曲昱曈,7.2,2016,付费
进击吧！单身狗,主演:王玲玉范晓东欧倩如,7.1,2016,付费
东北古惑仔,主演:小黑关浩,6.2,2016,付费
鬼屋惊魂2016,主演:曹蕾刘轩豪,6.8,2016,付费
武琊榜,主演:柳智玉李凯诗,6.4,2016,付费
笨贼别跑,主演:彭波李添诺董向荣,6.1,2016,付费
试衣间,主演:娜仁托娅王萌,7.0,2016,付费
疯狂浪人,主演:段冉,6.2,2016,付费
猎魔,主演:梁鸣武朋聂晶磊,6.3,2016,付费
宫藏挚爱,主演:倪天年苏幻俊,6.5,2016,付费
暴走兄弟大战僵尸古惑仔,主演:谢天华,6.4,2016,付费
二次元空间,主演:储毅徐薇,6.0,2016,付费
林与夕,主演:代雪张婷,6.4,2016,付费
吓死宝宝之枪击大boss,主演:孙隽聂欣钰胡之汉,6.3,2016,付费
边缘猎人,主演:关伟军,6.3,2016,付费
美漂,主演:吕维忠邓潇尧陈俊豪,6.5,2016,付费
超能附体,主演:徐歉,7.0,2016,付费
血屋2016,主演:甫枭虎,6.5,2016,付费
暗杀美女鳄,主演:张璐瑶,7.1,2016,付费
我亲爱的小淘气,主演:吴哲钒张雷,7.6,2016,付费
少女夜蒲,主演:彭禺厶钟紫心,7.1,2016,付费
空姐公寓,主演:冯凯韵,7.1,2016,付费
致命偷窥之恶魔少女,主演:郭志桐陈琳,7.0,2016,付费
诡楼之除夕夜,主演:韦依,6.8,2016,付费
听见爱,主演:孙涛,7.3,2016,付费
诡宅新娘,主演:姚开广,6.5,2016,付费
极品小农民,主演:刘衍辰,7.0,2016,付费
少年杨过之奇幻历程,主演:宋星妍,7.2,2016,付费
钱囧III钱裂线,主演:马杰,6.3,2016,付费
鬼推磨,主演:雷旭晗,7.0,2016,付费
迁,主演:王健,6.1,2016,付费
九号公路,主演:马斯舍祚韦,6.8,2016,付费
鬼祭,主演:徐思怡,5.6,2016,付费
南拳北腿之怒火营救,主演:白洁,7.0,2016,付费
超能女友,主演:黄彦,6.7,2016,付费
虐杀12小时,主演:赵昕彤,7.5,2016,付费
片场风云之冤家姐妹,主演:韦毓雯,6.7,2016,付费
黑车,主演:宋波,7.3,2016,付费
伏魔战士,主演:阮伟旌,7.1,2016,付费
纸牌风云-夺香,主演:单龙彪,6.9,2016,付费
杜丫丫相亲记,主演:欧阳梦竹,7.0,2016,付费
一夜未回2,主演:赵明亮,6.6,2016,付费
成语笑传,主演:任德勇,6.1,2016,付费
千术之王,主演:夏志远,6.2,2016,付费
花前醉,主演:侯晓,7.6,2016,付费
东北野兽,主演:王明伟,6.3,2016,付费
顽笑,主演:陈玉,5.9,2016,付费
幻想女儿国,主演:刘卓,5.7,2016,付费
盲之道,主演:路瑶,7.0,2016,付费
欢天喜地开心鬼,主演:柳航吴业晗吴志雄,6.8,2016,付费
恭喜发财2016,主演:施丹江,7.4,2016,付费
三老虎圪旦,主演:子昊,7.8,2016,付费
找打,主演:赵小艺,6.0,2016,付费
捉妖道长之色魔投胎,主演:林航,5.5,2016,付费
老街那点事儿,主演:魏旭桉榵,6.8,2016,付费
今天我妈要嫁人,主演:张昊,5.9,2016,付费
麻辣学妹与萌大叔Ⅱ：有种你撕票,主演:宋啓光,7.3,2016,付费
我的二次元女友,主演:雷诺儿于小婉王远达,7.1,2016,付费
千年誓言之开启封印,主演:王圣君,7.0,2016,付费
都市奇侠之奇门遁甲,主演:马龙,7.2,2016,付费
赌神风云2016,主演:沙鹰,6.2,2016,付费
驱魔人前传2,主演:高广泽,7.1,2016,付费
我的邻居是杀手,主演:王乐,6.3,2016,付费
天津恐怖故事,主演:李毅先,6.4,2016,付费
这是什么鬼,主演:孙军,7.2,2016,付费
曼陀罗之乾齿鲨小姐,主演:楚镇,6.3,2016,付费
王府魅影,主演:林琪崔晨曦王乙童,6.6,2016,付费
狗眼看阴阳2暴君之魂,主演:颜丹,6.9,2016,付费
麻辣学妹与萌大叔Ⅰ：内衣不好惹,主演:宋啓光,7.1,2016,付费
泡王,主演:郑梦瑶,5.9,2016,付费
韦小宝牧鬼记之魅鬼夺魂,主演:苏航,6.9,2016,付费
半条命2之刺杀美女总裁,主演:楚镇,6.9,2016,付费
不良女警,主演:邹新宇李萌萌,7.4,2016,付费
群侠夺宝战,主演:姚雨鑫,6.9,2016,付费
我的越南新娘,主演:黄伟,6.5,2016,付费
无处可逃（2016）,主演:王冬,7.2,2016,付费
尸恋33天,主演:语晓枫,5.9,2016,付费
非常剑,主演:任德勇,6.5,2016,付费
致青春兄弟篇2,主演:豆艺坤,7.6,2016,付费
诡门之异能觉醒,主演:吴建国金梓壑毛泽少,7.7,2016,付费
粉色女郎之乍见之欢,主演:柯衍昱,6.8,2016,付费
回魂2016,主演:王伊,6.7,2016,付费
搞笑二侠,主演:韩会亮,6.7,2016,付费
开心鬼大师之开心过大年,主演:李俊杰,7.8,2016,付费
剧组风云之日本男优穿越记,主演:时男何达周海峰王庆,7.5,2016,付费
谁是你的菜,主演:刘益南,7.2,2016,付费
万万想不到,主演:王斌,6.3,2016,付费
睡衣趴papa,主演:周钰沦,7.0,2016,付费
三傻大闹北京城,主演:王龙,7.1,2016,付费
阴阳实录之红衣男孩,主演:齐志虎虎,7.1,2016,付费
泡妞大宗师之老泡儿,主演:赫雷,7.6,2016,付费
蛊惑仔,主演:杨煌胤李林娟郭乐瞳,6.7,2016,付费
小飞的梦想,主演:李浩然吕晴王鹏,7.5,2016,付费
冰城宁哥之怒放的青春,主演:赵宁宇,7.3,2016,付费
女寝还魂,主演:乘瑶,7.0,2016,付费
再见备胎,主演:郑梦瑶陈亚楠郜小良,6.2,2016,付费
乌龙三宝,主演:赵文瑞,7.0,2016,付费
B级大片,主演:黄伟周瑞锋刘梦熙,6.0,2016,付费
死亡邀请,主演:白晓朵,6.0,2016,付费
拳力以赴之爱的拳头,主演:迦南,7.6,2016,付费
特卫俏佳人2,主演:大洋,6.6,2016,付费
整蛊至尊,主演:张行柳俊刘欣雅,5.9,2016,付费
屌丝女与暴力男的情史,主演:杨鑫,6.8,2016,付费
大话天珠,主演:韩烨石晨赵梦娜,6.9,2016,付费
校卫,主演:刘哲,6.9,2016,付费
媳妇儿难当,主演:李放,6.3,2016,付费
山村野战,主演:王昆,7.3,2016,付费
嘘！偷完了别走,主演:何江,7.0,2016,付费
那小子真拽,主演:马可许媛媛,7.4,2016,付费
遭遇海明威,主演:韩宝凛,6.6,2015,免费
僵尸侠,主演:何映桥卢沁希舒强,6.1,2015,免费
出马仙之驱邪特工队,主演:谷丰,7.4,2015,免费
桃色迷局,主演:郭芯榕,6.4,2015,免费
癞蛤蟆遇小天鹅,主演:温海波,6.9,2015,免费
东北兄弟之千予千成,主演:周圣博,7.1,2015,免费
整蛊雇佣团,主演:张成成金子栩李子轩,6.6,2015,免费
尘封的抗战记忆,主演:陈杨子,5.9,2015,免费
墙后的秘密,主演:夏仪斌,6.7,2015,免费
石头侠,主演:吴樾,6.9,2015,免费
奇葩特工之国产008,主演:张世玉,7.1,2015,免费
盗墓诡影之寻龙点穴,主演:隨存毅,6.2,2015,免费
僵尸大厦,主演:赵嘉奇,6.4,2015,免费
非常幻想,主演:王莘迪,7.0,2015,免费
传奇酒馆,主演:贾征宇,7.5,2015,免费
盗墓诡影之九星雍王墓,主演:隨存毅,5.8,2015,免费
女神巧遇女汉子,主演:谢承佑,6.6,2015,免费
捉妖者联盟II大圣娶妻,主演:刘頔,7.4,2015,免费
诡异录之锁龙井,主演:谈莉娜贾盛强季子渊,6.0,2015,免费
校花股神,主演:陈佳佳(北京),6.5,2015,免费
逆袭的青春,主演:阚婷婷,6.5,2015,免费
龙吟,主演:郭冬临,6.1,2015,免费
江湖之兄弟情,主演:黄一飞,7.3,2015,免费
佬炮之西游行,主演:汪洋,5.9,2015,免费
疯狂寻爱记,主演:姚雨鑫,7.5,2015,免费
小炮儿之三傻大劫案,主演:赵小炮,7.6,2015,免费
千门风云,主演:杨地,6.7,2015,免费
别把她宠坏,主演:左一阳,6.9,2015,免费
股神,主演:吴毅将,7.2,2015,免费
穿越世纪的前任,主演:芦伟夏仪斌刘倩迎,6.1,2015,免费
遭遇海明威,主演:韩宝凛,6.6,2015,免费
僵尸侠,主演:何映桥卢沁希舒强,6.1,2015,免费
出马仙之驱邪特工队,主演:谷丰,7.4,2015,免费
桃色迷局,主演:郭芯榕,6.4,2015,免费
癞蛤蟆遇小天鹅,主演:温海波,6.9,2015,免费
东北兄弟之千予千成,主演:周圣博,7.1,2015,免费
整蛊雇佣团,主演:张成成金子栩李子轩,6.6,2015,免费
尘封的抗战记忆,主演:陈杨子,5.9,2015,免费
墙后的秘密,主演:夏仪斌,6.7,2015,免费
石头侠,主演:吴樾,6.9,2015,免费
奇葩特工之国产008,主演:张世玉,7.1,2015,免费
盗墓诡影之寻龙点穴,主演:隨存毅,6.2,2015,免费
僵尸大厦,主演:赵嘉奇,6.4,2015,免费
非常幻想,主演:王莘迪,7.0,2015,免费
传奇酒馆,主演:贾征宇,7.5,2015,免费
盗墓诡影之九星雍王墓,主演:隨存毅,5.8,2015,免费
女神巧遇女汉子,主演:谢承佑,6.6,2015,免费
捉妖者联盟II大圣娶妻,主演:刘頔,7.4,2015,免费
诡异录之锁龙井,主演:谈莉娜贾盛强季子渊,6.0,2015,免费
校花股神,主演:陈佳佳(北京),6.5,2015,免费
逆袭的青春,主演:阚婷婷,6.5,2015,免费
龙吟,主演:郭冬临,6.1,2015,免费
江湖之兄弟情,主演:黄一飞,7.3,2015,免费
佬炮之西游行,主演:汪洋,5.9,2015,免费
疯狂寻爱记,主演:姚雨鑫,7.5,2015,免费
小炮儿之三傻大劫案,主演:赵小炮,7.6,2015,免费
千门风云,主演:杨地,6.7,2015,免费
别把她宠坏,主演:左一阳,6.9,2015,免费
股神,主演:吴毅将,7.2,2015,免费
穿越世纪的前任,主演:芦伟夏仪斌刘倩迎,6.1,2015,免费
一路疯狂,主演:牛松,6.3,2015,免费
诡宅之幽灵党,主演:万昕金靖承王博宋茜,6.9,2015,免费
追女三十六计（上）,主演:辛柔,6.1,2015,免费
夜惑2之太阳雨,主演:曹酉然钟纯妍郑文博,6.9,2015,免费
直男拳手的弯道,主演:杜珺李炳宜朱烨,7.5,2015,免费
功夫老婆,主演:徐浩然罗玉颜郜玄铭,6.5,2015,免费
鬼话连篇之镜仙,主演:王楠漆子美,6.7,2015,免费
腿哥！别停,主演:王帅王逢春,7.2,2015,免费
混蛋必须死,主演:何理郝天明陈强生,7.0,2015,免费
尖叫三国,主演:余泽阳马启铭,6.8,2015,免费
开心鬼救鬼,主演:曾钟萍何明,6.2,2015,免费
劫妖录,主演:吴建国于洋,6.3,2015,免费
道莫邪,主演:陈杨子储毅吴建宇,6.9,2015,免费
大寺神童,主演:王洪祥,6.9,2015,免费
恶梦天使,主演:皮逸嘉,6.4,2015,免费
相亲也疯狂,主演:阮大为小霹雳,6.9,2015,免费
赌圣2015,主演:程东张智豪吴业晗,6.8,2015,免费
我哥叫叶良辰,主演:花花徐啸,5.9,2015,免费
鬼诱,主演:方言孙逢苑房映华,6.8,2015,免费
爱一次不够,主演:白馨润熊玉婷谭镁纶,7.4,2015,免费
头牌魔姬·觉醒,主演:居来提吕艳崔迪,6.7,2015,免费
幻靈使徒,主演:包捷吴晴于超然田爽,6.5,2015,免费
天钟,主演:李威,6.4,2015,免费
画心师,主演:秦立洋卢沁希,7.3,2015,免费
网络红人,主演:游乐儿高伟,7.3,2015,免费
路囧,主演:张海超,5.1,2015,免费
荷尔蒙大冒险,主演:陈立谦,7.5,2015,免费
赵六艺的妖怪,主演:蔡力豪杜育榕,6.5,2015,免费
夏沫的白日梦,主演:周末王元一,6.5,2015,免费
钱囧II钱生钱,主演:唐鑫蒋雨蓓陆若涵,7.1,2015,免费
夜上海·女人花,主演:尹曦方旭倩孙坤江涛,6.5,2015,免费
消失的恋人,主演:于陈成杨晴,6.4,2015,免费
行尸崛起之丧尸新娘,主演:何佳颖秦立洋王娇,7.3,2015,免费
异次元少女失踪事件,主演:钟一宪周家宇颜隆,6.9,2015,免费
疯狂兄弟,主演:王思阳王思明,7.3,2015,免费
微博直播杀人事件,主演:徐申东,6.5,2015,免费
摩登神探2015,主演:金小优,6.1,2015,免费
龙蛋进城,主演:龙杨杨,6.4,2015,免费
流言飞语,主演:彭雪婷,6.7,2015,免费
古城魅影,主演:黄昕,5.6,2015,免费
绝色少女变身记,主演:杨子萱,7.2,2015,免费
鏖战之罪孽成佛,主演:轲然高依依陈奕名,6.7,2015,免费
去死吧宅男之天降贼美眉,主演:杨子萱欧阳惟康刘琦,7.3,2015,免费
残碎的记事本,主演:周艳婷乔波波安亚龙,6.6,2015,免费
死神来袭,主演:包美美杜晓书薛敬一,6.5,2015,免费
兄弟难当,主演:杜歌伊洪涛张涛,7.8,2015,免费
西游外传之八戒娶亲,主演:任德勇,5.6,2015,免费
消失的爱情,主演:原晓洁欧阳艺丰,6.9,2015,免费
南京东1937,主演:林纪李梓涵,6.6,2015,免费
蕾丝男女·东莞之囧,主演:夏仪斌吴泳茵陈升卫,6.0,2015,免费
东北花泽类之起幺蛾子,主演:文立刀杜煜峰王博文,7.8,2015,免费
攻炮砖家,主演:胡世闻俞延玗,7.6,2015,免费
夜袭寡妇村,主演:朱永媛,6.5,2015,免费
病毒之末日危机,主演:赵峰,6.6,2015,免费
特工惊魂007,主演:文江,7.2,2015,免费
内幕风暴之股市风云,主演:陈俊霖,7.1,2015,免费
千金女侠傻白甜,主演:李小娇,7.7,2015,免费
赤裸女特工,主演:于洋,6.4,2015,免费
咸水湖,主演:雷诺然,5.9,2015,免费
德州迷情,主演:莫绮雯黎宇航卢景龙,7.2,2015,免费
死亡记录,主演:李涛亮徐茜,6.3,2015,免费
捉三记,主演:朱珏马子洛,6.2,2015,免费
泡妞大行动,主演:孟瑞曲昱曈李海铭,6.8,2015,免费
解救熊先生,主演:潘彦妃,6.1,2015,免费
熊孩子,主演:王小源刘鉴仪,7.0,2015,免费
天女猎妖团,主演:黄安刘青,6.8,2015,免费
大侦探夏洛克之索命密室,主演:尤瑟夫,6.5,2015,免费
暴走超人,主演:刘超魏中凯雯迪斯,7.5,2015,免费
你别吓唬我,主演:张琦刘宇李爽,6.9,2015,免费
魔幻笔记之九龙无字天书,主演:马晓萌王梓萱,6.9,2015,免费
丧尸大战僵尸,主演:彭禺厶朱佳希,7.1,2015,免费
捉妖济3人鬼殊途,主演:刘頔齐超桑娜舒雅,7.4,2015,免费
赌鬼传奇之开心赌鬼,主演:郭强史耀中,7.1,2015,免费
放飞,主演:包美美,6.2,2015,免费
开心赌鬼,主演:刘衍辰杨默蒲骁,6.8,2015,免费
还我一个家,主演:霍志刚罗京京孙慧敏,6.3,2015,免费
恋上女教师,主演:左森张洪杰,7.4,2015,免费
道士降魔2之僵尸村,主演:杨易之,6.6,2015,免费
求爱大作战（2015）,主演:花婧轩,7.0,2015,免费
疯狂的骗子,主演:王世耀张聪聪,6.7,2015,免费
枕边的陌生女郎,主演:朱丽玲张瀚博,7.0,2015,免费
这个杀手不太灵,主演:杨安琪庞贝童陈利,6.3,2015,免费
天下无单,主演:程航张昕琦,6.5,2015,免费
月珑湾之解救武先生,主演:杨瀑琳林琪,6.8,2015,免费
寻龙密码之真假棺椁1,主演:齐超桑娜(演员）,6.2,2015,免费
爱情碟中谍,主演:张晗魏立斌李东海,6.2,2015,免费
警匪警,主演:尚雨哲,6.4,2015,免费
霸道学姐爱渣男,主演:秦立洋卢沁希,7.3,2015,免费
九层魔塔,主演:威利斯曾淇柴浩,5.8,2015,免费
赶尸惊魂,主演:郑梦瑶蒋德亮,5.7,2015,免费
武则天降妖记,主演:肖基国,6.1,2015,免费
三体之灵魂危机,主演:田爽,6.6,2015,免费
机器情人,主演:王铮,7.9,2015,免费
寻凶诀,主演:刘成,6.9,2015,免费
原罪少女,主演:刘静怡付星晨,7.5,2015,免费
鬼点灯,主演:曾淇于介平陈星池,7.4,2015,免费
生死门之夺命电梯,主演:沈驰,6.6,2015,免费
学长有诡,主演:付柔美琦,7.2,2015,免费
约跑,主演:张晋升罗玉颜洪浩,5.8,2015,免费
炮灰,主演:边嘉威王梓楠,6.6,2015,免费
战王,主演:胥明文易莉苏伟刚,7.0,2015,免费
泡妞三十六计,主演:张丽立董硕,7.4,2015,免费
萝莉进行时2,主演:爱丽丝队,6.5,2015,免费
吹灯笔记,主演:林思海,6.0,2015,免费
后青春,主演:沙雷,7.1,2015,免费
超能荷尔蒙,主演:张宥浩,7.0,2015,免费
丧尸屠城,主演:戴金垸,6.4,2015,免费
山炮赌王,主演:沈文俊刘芊辰陈星池,7.5,2015,免费
合租男女,主演:唐以利孙小曼,7.4,2015,免费
妈妈，我爱你,主演:张辉,7.4,2015,免费
就不告诉你,主演:何永礼陈佳豪顾宇,6.7,2015,免费
我的哥哥是特工,主演:张晶,7.8,2015,免费
脱单攻略,主演:邬添乐,6.7,2015,免费
怨念旅馆1心跳赏金,主演:秦立洋刘威州张承阳,6.7,2015,免费
屌丝侠,主演:高远尤浩然,6.2,2015,免费
杀人游戏,主演:张宇王怡苏于容彬,7.1,2015,免费
怨灵死咒,主演:胡苏涵叶硕陈棉棉,6.7,2015,免费
突袭格斗,主演:王晓庆,6.4,2015,免费
闹在囧途,主演:李骏诚潘彦妃李梓豪,6.3,2015,免费
盗墓之平地生风,主演:时男,6.4,2015,免费
霸道总裁与乡村女教师,主演:陈凯翔,7.0,2015,免费
黑洞系列之狼入室,主演:李依馨肖宗灵,7.4,2015,免费
地库婴啼,主演:郝昭赫,6.5,2015,免费
黑丝俏医生,主演:冯玲玲伍畏,6.3,2015,免费
无敌相师之血魔重生,主演:周敬峰宋星妍王霏,7.1,2015,免费
大赌豪,主演:马鑫,7.2,2015,免费
谁杀了潘巾莲,主演:宋锐贤,6.4,2015,免费
壕门虐恋,主演:杨润坤,7.2,2015,免费
不再床上说爱你,主演:黄永卓任韵淇,6.4,2015,免费
死亡聊天室,主演:褚旭郑文杰李根,6.3,2015,免费
致我们终将逝去的爱情,主演:杨岱岳张帆何云龙,6.4,2015,免费
海滩救援队之食人海怪,主演:李国麟卢惠光李雨阳,6.3,2015,免费
我的校花妹妹2,主演:王博,7.4,2015,免费
整容前规则,主演:彭禺厶朱佳希,7.1,2015,免费
天师伏魔之觉醒,主演:李季,6.4,2015,免费
鬼局之荒村老僵,主演:高少伟,7.0,2015,免费
天师,主演:申甲哲王艺霏马晓军,7.4,2015,免费
道人山异闻之恶灵再现,主演:朱琳李家慧仲占杰,6.2,2015,免费
Diaosi逆袭影视圈,主演:张尧李红陶晁坤,6.1,2015,免费
世纪情缘,主演:徐二娃艺小高,6.4,2015,免费
鬼眼,主演:包美美侯辉辉郑丹婷,5.9,2015,免费
我叫叶凉晨,主演:黄振东王曼妮,6.9,2015,免费
永不停歇,主演:雷承昆梁平,6.2,2015,免费
变身计,主演:张祥硕张圣迎弭恺,7.2,2015,免费
山炮进城,主演:小沈阳文松宋晓峰,7.4,2015,免费
特工学妹,主演:傅筱陈敬德,6.8,2015,免费
疯狂夺爱,主演:杨润坤花婧轩刘小乔,7.2,2015,免费
炫熠青春,主演:李俊雨刘存希赵扬,7.3,2015,免费
电影女王,主演:玛利亚常玉词陈怡曼,6.2,2015,免费
死神归来,主演:乔一峰田浩,6.2,2015,免费
河东师情,主演:郭宏伟,6.5,2015,免费
女人是老虎,主演:张凯阳蕾,6.8,2015,免费
超级兵王混农村,主演:杜晓帆,6.9,2015,免费
阴婚之鬼压床,主演:唐伟鹏,6.9,2015,免费
僵尸新郎,主演:赵家勇,5.4,2015,免费
疯狂钞票,主演:黄兆辉安米,6.5,2015,免费
午夜加油站,主演:李文豪李思琪,5.3,2015,免费
距离,主演:尹艺锦,7.1,2015,免费
绝色逃跑妃,主演:韩雨曦,6.7,2015,免费
沪囧,主演:孙健原,6.9,2015,免费
鬼魅灯,主演:彭禺厶蒋依杉,6.4,2015,免费
疯狂寻宝记,主演:萧鸿鹏迟漠寒,5.0,2015,免费
新开心鬼,主演:刘思佳时天意,6.7,2015,免费
混社会之身不由己,主演:文庆华峤,7.1,2015,免费
捉妖者联盟,主演:刘頔齐超,6.5,2015,免费
出租半张床3婚姻游戏,主演:徐伟,7.3,2015,免费
钱囧,主演:李雅男唐鑫,6.8,2015,免费
僵尸归来(2015),主演:李红陶,7.2,2015,免费
代孕2,主演:包美美侯辉辉,6.4,2015,免费
黑色图谋,主演:毕晓晨王紫硕,6.5,2015,免费
心控,主演:奚小俊徐立,5.7,2015,免费
我的美女总监,主演:高利虹纪子墨,7.1,2015,免费
美人驾到,主演:陈璐周杰,7.0,2015,免费
盗墓奇遇记,主演:黄旭高疙瘩,6.2,2015,免费
澳囧,主演:姜寒徐婷,7.1,2015,免费
僵尸（2015）,主演:吴建国,6.8,2015,免费
偷心（2015）,主演:周娇张强,5.6,2015,免费
赶尸人之摄魂铃,主演:黄欣靓顾靖,7.0,2015,免费
克隆女友,主演:李桦,6.8,2015,免费
商囧,主演:张卓霖陆思宇,5.5,2015,免费
烈日读心,主演:李若斯,6.0,2015,免费
借梦空间,主演:张能富范楚儿,5.8,2015,免费
茅山道士,主演:彭禺厶,7.2,2015,免费
神月大陆,主演:孙玮伦,6.9,2015,免费
总裁女友,主演:徐浩然,6.4,2015,免费
生化危机战,主演:包美美,5.9,2015,免费
死亡频率,主演:李乐辰,5.9,2015,免费
功夫奇葩闯北京,主演:石阿奇韩金姗关俊杰,7.0,2015,免费
我的前任是僵尸,主演:刘静怡秦立洋,7.4,2015,免费
整容液事件1,主演:齐超桑娜(演员）,7.0,2015,免费
阴阳墓,主演:刘卓刘亦桐李漠楠,6.1,2015,免费
死亡倒计时,主演:陈雯王越,6.4,2015,免费
深夜书店,主演:彭禺厶乔晟一,7.2,2015,免费
一个陌生女人的来劲,主演:金小优杨子萱,6.9,2015,免费
空气男友,主演:王冬刘谋峰,7.1,2015,免费
驱魔少年,主演:邵汉军侯晓明王菡,6.7,2015,免费
恋尸人,主演:黄波朵朵,6.3,2015,免费
泡上美女总裁3,主演:陈国良陈佩珊,7.3,2015,免费
美女也疯狂,主演:魏小欢张玉轩,6.5,2015,免费
半张床之异地爱情,主演:徐伟金芮伊,7.1,2015,免费
诡变迷途,主演:齐璐吴斌然,6.1,2015,免费
偷窥大师,演员为空,6.0,2015,免费
校园仙侠传,主演:许诺迟漠寒,6.7,2015,免费
我叫陆仁甲,主演:李志文,6.9,2015,免费
男明星的秘密,主演:倪天年华甄珍,6.0,2015,免费
死亡演出,主演:陈叶玲储毅,5.6,2015,免费
我的青春只为你绽放,主演:王雯琪赵宏亮,6.2,2015,免费
勇攀高峰,主演:边嘉威陈升卫,5.8,2015,免费
爱情对对碰,主演:付瑶马德华,6.8,2015,免费
保姆的私密日记,主演:张钧涵朱富润,5.7,2015,免费
精武雄风,主演:广帅龙武,6.9,2015,免费
致命回忆,主演:王雯琪赵宏亮,5.5,2015,免费
窥爱,主演:宋撼寰,6.2,2015,免费
土豪也绅士,主演:韩锐高瑕,7.1,2015,免费
重返九七,主演:张龙吟蔡源,7.2,2015,免费
赌神归来,主演:师一钧欧宇宁,6.7,2015,免费
孩子去哪,主演:张育馨杨晓鹏,7.1,2015,免费
死亡游戏之逆转人生,主演:刘冯合欢韩帅张硕,6.8,2015,免费
708090,主演:孙铱,6.1,2015,免费
精英操作团,主演:张健石可人,5.3,2015,免费
白日杀机,主演:郑诺,5.7,2015,免费
找锤子,主演:吴优侯茗皓,5.6,2015,免费
驱魔保安,主演:周敬峰赵煜i,6.9,2015,免费
霸道总裁和他的男人,主演:尤旻昊,6.5,2015,免费
捉妖济2,主演:刘頔齐超,6.4,2015,免费
伏魔道长,主演:柳航吴业晗,6.6,2015,免费
钢的舞,主演:秦立洋,6.9,2015,免费
十二星座之上海滩,主演:王宁修睿,6.9,2015,免费
情人节缘分制造记,主演:梁炜钿,6.4,2015,免费
盗墓风云,主演:陈之辉姚雨鑫,6.2,2015,免费
异爱,主演:张倩如唐伟鹏,6.3,2015,免费
我的老婆未成年,主演:郑拓疆,7.4,2015,免费
道姑下山,主演:赵若辰赵奕杰,5.8,2015,免费
爱@发光体,主演:孙逢苑王婧蕊,6.5,2015,免费
鬼局之放开那僵尸,主演:周柏霖岑小林,6.3,2015,免费
钢管侠,主演:刘长纯于震寰,5.3,2015,免费
命中住定,主演:李婷玉程芳,6.3,2015,免费
我的麦霸女友2,主演:谭渤霖朱佳希,6.9,2015,免费
疯狂计中计,主演:姚伟男丁旺,5.8,2015,免费
霸道总裁别惹我,主演:陈佩珊张亚飞,7.2,2015,免费
门路,主演:苏珊娜刘菲杨剑雄,5.8,2015,免费
浴火凤凰,主演:陈觅彦艳,7.1,2015,免费
求爱操作团,主演:罗翔朱佳希,6.6,2015,免费
大话西游之妖怪别跑4,主演:徐庆王昊宇,5.8,2015,免费
我和女神有个约会,主演:彭亚兰,6.8,2015,免费
阴阳先生,主演:彭禺厶高成龙,7.7,2015,免费
练手3乱世巨星,主演:许知剑田野,6.6,2015,免费
宝贝快跑2015,主演:温思年赖芊合,6.7,2015,免费
纯情房客俏房东,主演:彭亚兰张一航张子萱,6.7,2015,免费
捉妖济,主演:刘頔汪晴黄永卓,6.9,2015,免费
我的干爹是个贼,主演:曲高位黄诗佳,6.9,2015,免费
寻找路人甲,主演:芦伟洪洋,5.3,2015,免费
一个人的年,主演:胡语迟李娜,7.9,2015,免费
道士降魔,主演:杨易之辰轩锐,6.5,2015,免费
疯狂试爱,主演:储毅胡彪郜小良,6.0,2015,免费
雇佣老公2,主演:张凯黄伟,6.6,2015,免费
极品无赖犯二记,主演:赵寒雪刘畅,6.8,2015,免费
小王刚传奇,主演:王刚王军,7.4,2015,免费
荒诞夜醉囧,主演:甘昀宸李东明,6.4,2015,免费
婚姻合伙人之爸爸去哪儿 ,主演:刘牧任洋样,7.0,2015,免费
玩的就是艳遇,主演:邹杨李柏霄苑琼丹,7.3,2015,免费
爸爸再爱我一次,主演:卢雨菲王艺诺王磊,7.5,2015,免费
摄男斗女模,主演:何岸之,6.7,2015,免费
女神凶咒,主演:何欣烛陈健,6.3,2015,免费
道士出山2伏魔军团,主演:彭禺厶,7.5,2015,免费
蒲出去2之皇者之阶,主演:李雅丽,6.8,2015,免费
东北灵异录,主演:冯泽岩伊洪涛吴昊,6.6,2015,免费
红粉西游,主演:林晨韦宝拉权睿,6.1,2015,免费
美女总裁的贴身高手,主演:魏冠男王雨涵张茜,6.8,2015,免费
蔷薇生死恋,主演:杨文吴伟,6.0,2015,免费
女神时代,主演:姚雨鑫,6.8,2015,免费
出轨边缘,主演:高梦瑶王珺,6.4,2015,免费
我的相亲不靠谱,主演:苏晗孔亮,6.2,2015,免费
一路杀机,主演:储毅胡彪,5.8,2015,免费
致我们的节操童年,主演:贺鑫隆洪源,7.1,2015,免费
苍穹下的灰姑娘,主演:牟雨晨李星宇,6.6,2015,免费
死亡幽林,主演:陈茂林巩月邹盛林,6.4,2015,免费
一夜疯狂,主演:秦彩瑶童丹,6.4,2015,免费
爆脾气,主演:周昭龙,6.2,2015,免费
初心房间,主演:王皓玥郜小良,5.8,2015,免费
欲罪,主演:刘小乔孔祥伟,6.4,2015,免费
社交情圣,主演:李川汪家羽,6.9,2015,免费
为了荣誉开枪,主演:林珍钊,6.0,2015,免费
迷失（2015）,主演:徐光宇肖和若凡,6.6,2015,免费
奔跑吧小凡,主演:陈欢肖咏佳,7.0,2015,免费
肉灵芝,主演:何立强,6.1,2015,免费
大话西游之妖怪别跑3,主演:徐庆,5.5,2015,免费
18爱不爱之怦然心动,主演:汐熙刘薇,7.0,2015,免费
大学时代,主演:大飞田宁宁,7.1,2015,免费
终极兵王,主演:鄢子龙陈雯,6.3,2015,免费
灰色记忆,主演:董阿娇肖龙,6.4,2015,免费
异能女友,主演:傅筱,6.6,2015,免费
超能机器女友,主演:廖望刘静怡,6.5,2015,免费
听说爱情回来过,主演:罗彬小灿,6.9,2015,免费
泰爱你,主演:项瑾李恩知,7.3,2015,免费
如果分手,主演:谷佳倪赵楚纶,6.8,2015,免费
逆乱青春,主演:冯朔刘彦颖陈亚涛,7.0,2015,免费
失爱,主演:包美美杨亚洲韩三明,6.8,2015,免费
恐怖催眠师,主演:葛恒瑞陈美丽王佳宇,6.0,2015,免费
校园疯骚史之舞动青春,主演:彭禺厶朱佳希谭渤霖,7.5,2015,免费
上帝的爱,主演:武天辰高川,6.6,2015,免费
我们都还太年轻2：下一秒,主演:张鑫汪昱含,6.5,2015,免费
大话西游之妖怪别跑2,主演:徐庆胡浩帆,5.2,2015,免费
八公山传奇,主演:肖梦龙,6.5,2015,免费
战狼传奇,主演:吴庆建,5.8,2015,免费
快递哥,主演:解艺,6.6,2015,免费
城市乌云,主演:姚小宝,5.9,2015,免费
闪婚日记,主演:王博,6.9,2015,免费
阿德正传之这个阿德不太冷,主演:杨德朗,6.3,2015,免费
初来诈盗,主演:张章,5.6,2015,免费
道士出山,主演:彭禺厶金梓壑,6.8,2015,免费
特种兵归来,主演:文东俊,6.1,2015,免费
萝莉进行时,主演:玛蒂尔达队,5.9,2015,免费
三亚婚纱照,主演:曾黄楷,6.4,2015,免费
蓝颜祸水,主演:刘奇峰,6.3,2015,免费
陪我,主演:彭禺厶,7.4,2015,免费
私奔公路,主演:余庆张娜,5.9,2015,免费
七婴母王鼎,主演:李凯诗,5.6,2015,免费
赶尸人,主演:章顺康,5.8,2015,免费
大笑西游之白骨精的爱情故事,主演:魏亚鑫,4.8,2015,免费
大笑西游之人体模特,主演:魏亚鑫,5.1,2015,免费
极速世界之战车,主演:孙敬媛,6.2,2015,免费
鹤城往事,主演:李阳房言王冲,7.7,2015,免费
头牌谋杀案,主演:杨易之,6.6,2015,免费
杜尔摩斯与杜蕾丝,主演:杜硕,6.3,2015,免费
我的奇葩婚礼,主演:曹子辰,6.7,2015,免费
大话西游之妖怪别跑,主演:徐庆王昊宇,5.4,2015,免费
熊猫与双喜,主演:林俊杰,6.6,2015,免费
泡上美女总裁2,主演:卢倩文,6.6,2015,免费
幻影杀戮,主演:童抒伟任逍遥,6.5,2015,免费
少年老二的烦恼,主演:小黑,6.7,2015,免费
成都爱情故事,主演:游雨丝罗柯,6.3,2015,免费
欲望的士,主演:刘桦,6.4,2015,免费
男奴时代,主演:罗娜韩啸,4.3,2015,免费
西雅图寻爱记,主演:孙玮伦李思雯,6.1,2015,免费
完美约会,主演:马晓辉,5.5,2015,免费
美女敢死队,主演:欧阳羽飞,4.6,2015,免费
还珠格格2015之还猪格格,主演:高义健,5.7,2015,免费
Hello锦衣卫,主演:谭渤霖,5.8,2015,免费
蔚蓝,主演:谢苗,6.7,2015,免费
狼图腾纪录片,主演:冯绍峰窦骁,7.1,2015,免费
代孕,主演:白鹿晨,6.2,2015,免费
整形护士,主演:马里亚荣钰轩,6.0,2015,免费
阴谋与背叛,主演:王晗峰,6.3,2015,免费
阿德正传之降魔篇,主演:杨德朗,6.2,2015,免费
来自东莞的你,主演:老罗一家,5.9,2015,免费
蛇眼神探：女明星失踪之谜,主演:金士城,5.5,2015,免费
非常较量,主演:洋光由力平,6.5,2015,免费
房爱,主演:郑诺,6.6,2015,免费
谋逆,主演:李天烨,5.1,2015,免费
明媚的青春2：迷失,主演:龙一一刘大铖,5.3,2015,免费
青春盛筵2：边沿,主演:史育菲刘佳,6.1,2015,免费
不归路,主演:洪芳金毅杰,7.4,2015,免费
宅男的终极幻想,主演:高旭,5.2,2015,免费
网络惊魂,主演:李钰婕,6.9,2015,付费
女导演连环杀人案,主演:姚祖妍,6.9,2015,付费
疯狂制“骗”人,主演:周敬峰谭笑,5.9,2015,付费
平行空间-忐忑艳遇,主演:苗正阳,6.5,2015,付费
七号渔场,主演:王星池恒宇梁旭,5.2,2015,付费
惊魂夜大事件,主演:鲍磊李宁杨丹卿雯,6.4,2015,付费
呼唤2015,主演:李艺娜,7.4,2015,付费
贼太囧,主演:崔志佳,7.6,2015,付费
扯淡侠,主演:莫熙儿,6.8,2015,付费
三贱客,主演:张留,6.6,2015,付费
罪恶空间,主演:张乃歌王婧蕊,6.3,2015,付费
3D今夜情迷,主演:谢雨薇吉克杰拉崔宏,6.7,2015,付费
粤囧,主演:孙言,6.7,2015,付费
尺度大开,主演:田亮史可,6.6,2015,付费
暗光,主演:田野郝麒麟葛勇梁茜,6.5,2015,付费
道士出山3外星古墓（下）,主演:王修泽王佳宇,7.5,2015,付费
僵尸复活2015,主演:江森常国斌,6.2,2015,付费
车震陷阱,主演:徐申东马梓涵,6.5,2015,付费
笑创三国,主演:王健森郭雨婷姜星呈,6.7,2015,付费
恋爱大师2015,主演:尤艺泽,6.9,2015,付费
三抬镇,主演:史佩琳武子钧魏子平,6.6,2015,付费
心惊肉笑,主演:彭禺厶高成龙庞贝童,6.8,2015,付费
我的前妻和现任,主演:吴强李明轩,7.6,2015,付费
午夜朋友圈,主演:卢鑫,7.0,2015,付费
神马是爱情,主演:刘博庆赫野,7.7,2015,付费
光棍奇遇记3,主演:刘爽,6.7,2015,付费
一露阳光,主演:刘凯伊,7.4,2015,付费
模特特烦恼,主演:李晓东李柏萱,7.0,2015,付费
在下叶良晨,主演:杨爵于倩解斯童,4.7,2015,付费
穿越成神,主演:殷小纹韩宇辰张硕,7.1,2015,付费
网络惊魂,主演:李钰婕,6.9,2015,付费
女导演连环杀人案,主演:姚祖妍,6.9,2015,付费
疯狂制“骗”人,主演:周敬峰谭笑,5.9,2015,付费
平行空间-忐忑艳遇,主演:苗正阳,6.5,2015,付费
七号渔场,主演:王星池恒宇梁旭,5.2,2015,付费
惊魂夜大事件,主演:鲍磊李宁杨丹卿雯,6.4,2015,付费
呼唤2015,主演:李艺娜,7.4,2015,付费
贼太囧,主演:崔志佳,7.6,2015,付费
扯淡侠,主演:莫熙儿,6.8,2015,付费
三贱客,主演:张留,6.6,2015,付费
罪恶空间,主演:张乃歌王婧蕊,6.3,2015,付费
3D今夜情迷,主演:谢雨薇吉克杰拉崔宏,6.7,2015,付费
粤囧,主演:孙言,6.7,2015,付费
尺度大开,主演:田亮史可,6.6,2015,付费
暗光,主演:田野郝麒麟葛勇梁茜,6.5,2015,付费
道士出山3外星古墓（下）,主演:王修泽王佳宇,7.5,2015,付费
僵尸复活2015,主演:江森常国斌,6.2,2015,付费
车震陷阱,主演:徐申东马梓涵,6.5,2015,付费
笑创三国,主演:王健森郭雨婷姜星呈,6.7,2015,付费
恋爱大师2015,主演:尤艺泽,6.9,2015,付费
三抬镇,主演:史佩琳武子钧魏子平,6.6,2015,付费
心惊肉笑,主演:彭禺厶高成龙庞贝童,6.8,2015,付费
我的前妻和现任,主演:吴强李明轩,7.6,2015,付费
午夜朋友圈,主演:卢鑫,7.0,2015,付费
神马是爱情,主演:刘博庆赫野,7.7,2015,付费
光棍奇遇记3,主演:刘爽,6.7,2015,付费
一露阳光,主演:刘凯伊,7.4,2015,付费
模特特烦恼,主演:李晓东李柏萱,7.0,2015,付费
在下叶良晨,主演:杨爵于倩解斯童,4.7,2015,付费
穿越成神,主演:殷小纹韩宇辰张硕,7.1,2015,付费
阴婚师,主演:丁溪鹤韩思露张策,7.0,2015,付费
毒怨魅影,主演:李沛欣,6.3,2015,付费
无码青春期,主演:任爵铭,7.3,2015,付费
大山之上,主演:卢学习,6.5,2015,付费
饥恶游戏,主演:刘裕龙,6.4,2015,付费
校花驾到2蜜桃时代,主演:范薇文卓,7.4,2015,付费
巷囧,主演:刘梦熙田甜高紫婷,5.6,2015,付费
杀死二狗,主演:张宏星,5.9,2015,付费
道士出山3外星古墓（上）,主演:王修泽王佳宇,7.6,2015,付费
云烟深处,主演:赵婷杨松睿王建平,6.5,2015,付费
玉面威龙,主演:姚雨鑫周斌,7.3,2015,付费
希望治愈悲伤,主演:刘童王尹辰,6.6,2015,付费
岭城兄弟2,主演:刘佳赵本六,7.7,2015,付费
超级特工档,主演:肖基国方方罗松华,5.4,2015,付费
火玫瑰丛林有狼,主演:沈璐齐炫宇唐秦,7.0,2015,付费
人偶怪谈,主演:孙正霖吴蓓蓓朱麒,6.3,2015,付费
和空姐合租的日子,演员为空,5.9,2015,付费
泡妞秘籍,主演:孔垂楠黄礼格贾征宇,7.6,2015,付费
我的僵尸先生,主演:苗韵桐,7.1,2015,付费
奔跑吧有情人,主演:郑恺,7.1,2015,付费
再爱24小时,主演:赖帅明,6.9,2015,付费
驱魔人前传,主演:高广泽,7.0,2015,付费
怪侠男友,主演:张晓宇黄强耀李曦,6.0,2015,付费
绑架郭德纲,主演:黄鹤飞,6.5,2015,付费
互撸七兄弟,主演:发财,5.3,2015,付费
悲情男女之彻夜未眠,主演:郭佩妮金士城,5.9,2015,付费
北漂明星梦之血泪史,主演:马睿菈千百顺,7.1,2015,付费
秘爱,主演:肖行coco,6.1,2015,付费
丑女上位,主演:岑苑之关英雪,6.8,2015,付费
倚凤之岭南风云,主演:彭远扬杨凤,7.4,2015,付费
深夜难眠,主演:雷旭晗李艳妮,7.7,2015,付费
一夜四十万,主演:孙渤洋,6.8,2015,付费
电子商务之寻唐记,主演:黄志文,4.9,2015,付费
大话封神10九天十地绝情阵,主演:李佩泽王梓健师伟,6.1,2015,付费
大话封神9之太乙真人,主演:王梓健师伟张贺,5.9,2015,付费
疯狂的夜,主演:朱美璇廖小飞,6.6,2015,付费
鬼灭灯之冤魂不散,主演:葛恒瑞,5.9,2015,付费
西南偏南,主演:刘馨镁,5.5,2015,付费
韩囧,主演:张亚希班嘉佳,6.6,2015,付费
这份情，我在乎,主演:郑韵,6.3,2015,付费
大话封神8之无情花蛊,主演:李佩泽,6.7,2015,付费
大话封神7之常阳山奇遇记,主演:李佩泽,6.7,2015,付费
避风港囧,主演:李俊杰李达,7.4,2015,付费
陌·生,主演:韩永宽（演员）王欢,6.2,2015,付费
梯玛和他的儿子,主演:张凯（演员）,6.3,2015,付费
狗眼看阴阳1帝王香包,主演:郎鹏颜丹,7.1,2015,付费
大城喜事,主演:林邦栋,5.3,2015,付费
鏖战,主演:陈奕名李思娜,5.7,2015,付费
静静的夜晚,主演:宋宁郑亦桐,6.2,2015,付费
客栈怪谈,主演:张瑞马建平,5.2,2015,付费
我不是王宝强,主演:李达马诺,6.4,2015,付费
大话封神6之龙王复仇计,主演:李佩泽,6.2,2015,付费
大话封神5之总裁哪吒,主演:李佩泽,6.2,2015,付费
午夜讲诡故事2,主演:卢倩文,6.6,2015,付费
道士斗僵尸,主演:李理杨萌,6.5,2015,付费
北京我爱你,主演:刘真佑程实,6.7,2015,付费
戴套吧豹头君,主演:方飞杨盛祺,6.9,2015,付费
夜店公主擒爱记,主演:于嘉溢李蕾,6.8,2015,付费
婚迷不醒,主演:朱璇朱富润,6.3,2015,付费
倚凤之人在江湖,主演:彭远洋,6.3,2015,付费
二龙湖浩哥之狂暴之路,主演:张浩,7.6,2015,付费
大话封神4之最强弃少,主演:李佩泽,5.3,2015,付费
大话封神3之修仙高手在校园,主演:李佩泽,5.4,2015,付费
春天的童话,主演:马卢健杨慧,5.6,2015,付费
脱线灵探理柯南,主演:赵晟然许林,7.2,2015,付费
倒倒倒霉熊,主演:汤振武张超男,5.1,2015,付费
贴身俏保镖,主演:黄玮伦姜黎明,6.0,2015,付费
午夜讲诡故事,主演:黄梓城卢倩文,6.6,2015,付费
长大成人2015,主演:李三平,6.5,2015,付费
大话封神之屌丝道士的幸福生活,主演:午马,5.6,2015,付费
大话封神之都是女娲惹的祸,主演:午马,5.6,2015,付费
窑湾酒娘,主演:李紫嫣,6.5,2015,付费
诱耳,主演:刘璐,5.6,2015,付费
女人时代,主演:刘燕,6.5,2015,付费
讨债,主演:赵子豪,6.8,2015,付费
三人行必有我死,主演:杨程成段云,5.2,2015,付费
人皮面具：背尸者,主演:童锅夏青成国兰,4.9,2015,付费
蒲公英男孩,主演:郭东坡赵柳红,6.4,2015,付费
公主,主演:袁钰植唐文琦,6.4,2015,付费
羊入壶口,主演:杨洋索牧,6.2,2015,付费
泡菜,主演:王晓曦张汝蕾,6.5,2015,付费
暗花无间,主演:罗璇林威,6.4,2015,付费
霸道富婆爱上我,主演:刘畅郑焱今,6.5,2015,付费
那片天空下,主演:李璐兵杨森唐雄,6.1,2015,付费
一夜未回,主演:刘谋峰闫墨,6.1,2015,付费
成人游戏,主演:芦苇,6.4,2015,付费
奔跑吧青春,主演:曹祁元,6.7,2015,付费
北漂奇遇记,主演:廖小飞,5.1,2015,付费
最强少年,主演:易虎臣,6.5,2015,付费
大闹儿,主演:白迎冬,6.3,2015,付费
老海的新生活,主演:王晓曦,6.3,2015,付费
第二次爱你另类结局版,主演:杨博,8.1,2015,付费
恶人之百鬼夜行,主演:林沁园,6.5,2015,付费
模女的梦想,主演:万昕,7.2,2015,付费
屌丝男女,主演:芦伟,5.9,2015,付费
八座城池,主演:郭祥鹏,6.8,2015,付费
枕边幽灵,主演:马晶晶,5.4,2015,付费
性治疗师,主演:苏贯永,5.9,2015,付费
星路秘闻,主演:吉飞龙,5.1,2015,付费
末路盈歌,主演:范子绮,6.1,2015,付费
岭城兄弟,主演:于利,7.2,2015,付费
巢战2,主演:陈伙金,5.9,2015,付费
愚姊之盼,主演:刘婕然,6.5,2015,付费
命运,主演:张能富,8.0,2015,付费
破茧,主演:张春龙张学虎孙易铖,4.6,2015,付费
一路向北,主演:王锦明,7.1,2015,付费
天使不孤独,主演:徐婕儿王文辉,6.7,2015,付费
临冬城市,主演:金夕,6.1,2015,付费
泛泛之辈,主演:孙逢苑,6.4,2015,付费
特卫俏佳人,主演:黄玮伦,6.2,2015,付费
续命怪谈,主演:张维政李雨洋,6.2,2011_2014,免费
晓时代,主演:叶梓棠侯芊妤,6.6,2011_2014,免费
没问题先生,主演:杨成井凌潇,6.5,2011_2014,免费
恋恋海湾,主演:吴中天金小曼,7.1,2011_2014,免费
守护 2014,主演:蒋依杉刘惠,7.6,2011_2014,免费
先生好冷,主演:苏菲,6.8,2011_2014,免费
疯狂的U盘,主演:刘芊妤,6.8,2011_2014,免费
逗比时代之混婚,主演:蒋黎明,4.2,2011_2014,免费
暴走囧探,主演:金柯陈哈妮王鹤铮,4.7,2011_2014,免费
瑰觅,主演:郭家诺侍宣如,5.4,2011_2014,免费
赌局风云之诈和,主演:钱怡,5.1,2011_2014,免费
禁忌关系之双非,主演:靳庆玲靳美玲,5.4,2011_2014,免费
青春之殇2,主演:于山川,7.1,2011_2014,免费
墙上的女人,主演:彭禺厶,5.7,2011_2014,免费
红颜露水,主演:苏菲,5.8,2011_2014,免费
快递先生,主演:黄盛量莫绮雯,6.3,2011_2014,免费
疯花血月,主演:王君龄,3.8,2011_2014,免费
锦衣卫女神之豪囧,主演:王洁曦,4.3,2011_2014,免费
挚爱的代价,主演:李瑞雪,5.9,2011_2014,免费
灵瞳,主演:李理,4.6,2011_2014,免费
我不是冯导,主演:张朋罗梓丹,4.6,2011_2014,免费
校花驾到之极品校花,主演:赵奕欢,5.8,2011_2014,免费
美色时代,主演:王希之邓琳,4.7,2011_2014,免费
酱紫青年,主演:柳航黄一山李思琦,6.7,2011_2014,免费
致青春-兄弟篇,主演:豆艺坤张雪,7.7,2011_2014,免费
爱上女主播,主演:何中华,7.9,2011_2014,免费
如果树知道,主演:周鑫蕊鲍玲玉,7.7,2011_2014,免费
我的充气恋人,主演:唐振刚马之秦周咏轩,6.3,2011_2014,免费
失恋33年之一往情深,主演:黎一萱,6.1,2011_2014,免费
平安之盾,主演:郭冬临赵少康戚云鹏,7.0,2011_2014,免费
续命怪谈,主演:张维政李雨洋,6.2,2011_2014,免费
晓时代,主演:叶梓棠侯芊妤,6.6,2011_2014,免费
没问题先生,主演:杨成井凌潇,6.5,2011_2014,免费
恋恋海湾,主演:吴中天金小曼,7.1,2011_2014,免费
守护 2014,主演:蒋依杉刘惠,7.6,2011_2014,免费
先生好冷,主演:苏菲,6.8,2011_2014,免费
疯狂的U盘,主演:刘芊妤,6.8,2011_2014,免费
逗比时代之混婚,主演:蒋黎明,4.2,2011_2014,免费
暴走囧探,主演:金柯陈哈妮王鹤铮,4.7,2011_2014,免费
瑰觅,主演:郭家诺侍宣如,5.4,2011_2014,免费
赌局风云之诈和,主演:钱怡,5.1,2011_2014,免费
禁忌关系之双非,主演:靳庆玲靳美玲,5.4,2011_2014,免费
青春之殇2,主演:于山川,7.1,2011_2014,免费
墙上的女人,主演:彭禺厶,5.7,2011_2014,免费
红颜露水,主演:苏菲,5.8,2011_2014,免费
快递先生,主演:黄盛量莫绮雯,6.3,2011_2014,免费
疯花血月,主演:王君龄,3.8,2011_2014,免费
锦衣卫女神之豪囧,主演:王洁曦,4.3,2011_2014,免费
挚爱的代价,主演:李瑞雪,5.9,2011_2014,免费
灵瞳,主演:李理,4.6,2011_2014,免费
我不是冯导,主演:张朋罗梓丹,4.6,2011_2014,免费
校花驾到之极品校花,主演:赵奕欢,5.8,2011_2014,免费
美色时代,主演:王希之邓琳,4.7,2011_2014,免费
酱紫青年,主演:柳航黄一山李思琦,6.7,2011_2014,免费
致青春-兄弟篇,主演:豆艺坤张雪,7.7,2011_2014,免费
爱上女主播,主演:何中华,7.9,2011_2014,免费
如果树知道,主演:周鑫蕊鲍玲玉,7.7,2011_2014,免费
我的充气恋人,主演:唐振刚马之秦周咏轩,6.3,2011_2014,免费
失恋33年之一往情深,主演:黎一萱,6.1,2011_2014,免费
平安之盾,主演:郭冬临赵少康戚云鹏,7.0,2011_2014,免费
灵异实录（中国版）,主演:慕青胡可易宋波,5.7,2011_2014,免费
爱妹,主演:南鑫,6.4,2011_2014,免费
且行且珍惜,主演:蓝飞洋程琳,4.8,2011_2014,免费
来自星星的教练,主演:陈欢班嘉佳,5.1,2011_2014,免费
她认出了风暴,主演:汤唯冯绍峰许鞍华,7.2,2011_2014,免费
青春.com,主演:古丽娜,4.0,2011_2014,免费
最后的学生时代粤语,主演:李灿燐梁嘉琪罗树煌,6.3,2011_2014,免费
小姨子去哪儿,主演:肖燕芮伟航,6.2,2011_2014,免费
了不起的秦小毫,主演:孙玮蔚蔡力豪,5.6,2011_2014,免费
夏之伤,主演:范云飞张卓霖,6.8,2011_2014,免费
暖男电话,主演:彭禺厶李妍瑾,5.5,2011_2014,免费
黄金日记,主演:顾超凡,5.1,2011_2014,免费
山村姑娘2,主演:杨易之,7.1,2011_2014,免费
黑色情人节,主演:王佺,6.8,2011_2014,免费
我是大导演,主演:徐俊王若溪,6.2,2011_2014,免费
我的北漂生活,主演:马劭楠孙逢苑,6.7,2011_2014,免费
我的校花妹妹,主演:王博张娜龚绮赵昕彤,6.1,2011_2014,免费
女神信条,主演:王希之,6.1,2011_2014,免费
第102次相亲,主演:张慧雯,6.2,2011_2014,免费
西游之一路向东,主演:子昊刘朋洋,4.4,2011_2014,免费
爱情是什么,主演:张颖葛杨曦,7.7,2011_2014,免费
毒来毒往,主演:马帅陈欣孺,6.4,2011_2014,免费
偷窥女人心,主演:唐治平闫佳颖,4.9,2011_2014,免费
巴黎呼叫转移,主演:李东洺贺怡,5.9,2011_2014,免费
聂小倩之尘缘未了,主演:郭婉冬,6.1,2011_2014,免费
片警妈妈,主演:张雪迎沈丹萍,7.7,2011_2014,免费
边缘,主演:梅尔维尔·珀波,6.0,2011_2014,免费
美丽世界的孤儿,主演:张卓霖,6.5,2011_2014,免费
军刺之不良少年,主演:袁布,5.9,2011_2014,免费
整形归来2,主演:苏菲张乃歌张慧雯,6.1,2011_2014,免费
痛爱边缘,主演:于婷婷,6.5,2011_2014,免费
年青时代之女人心,主演:王佳丽赵雪,7.0,2011_2014,免费
黑色爱情故事,主演:陈子淇,6.3,2011_2014,免费
女一号的代价,主演:苏菲,5.8,2011_2014,免费
裸模之错过的女孩,主演:刘双宁陈臣,7.1,2011_2014,免费
人艰不拆,主演:毕晓晨吴明轩,6.9,2011_2014,免费
变形记,主演:周雨铭,7.1,2011_2014,免费
恋曲之无爱不欢,主演:陈希郡崔龙阳,6.9,2011_2014,免费
且爱且珍惜,主演:周圣博金龙,7.2,2011_2014,免费
猛烈,主演:李冉史欣,6.4,2011_2014,免费
正男往事,主演:韩晔李梓嫣管贞喧,7.3,2011_2014,免费
青春序,主演:林弯弯,5.6,2011_2014,免费
东泉宾馆,主演:何强,4.8,2011_2014,免费
胖虎日记,主演:李渊（胖虎日记）,8.1,2011_2014,免费
微交少女,主演:温碧霞许雅婷蔚雨芯,5.5,2011_2014,免费
爱情终结战,主演:周芳竹杨钧承,5.3,2011_2014,免费
姐妹2再见青春,主演:韩雪薇,5.8,2011_2014,免费
山村姑娘,主演:杨易之,5.4,2011_2014,免费
鬼局之僵尸都去哪儿了,主演:陈曦,5.8,2011_2014,免费
危情30天,主演:郑艺博易薇彭程,6.6,2011_2014,免费
逆袭的千金,主演:刘静怡,6.9,2011_2014,免费
人人有份,主演:李国煌葛星米,5.6,2011_2014,免费
惊梦俏佳人,主演:莫绮雯,6.3,2011_2014,免费
足球宝贝,主演:尚淳汐,6.7,2011_2014,免费
恋爱大师之让红包飞,主演:文梦洋高深田小夕,6.8,2011_2014,免费
局2：潜逃,主演:王帅张育恺,6.3,2011_2014,免费
周一见,主演:万思成李安安,6.1,2011_2014,免费
最后的夏天,主演:王靖铭,6.8,2011_2014,免费
我听寂寞说,主演:乔涵白静,6.1,2011_2014,免费
事件·空难,主演:沈熙媛莉香于龙,6.0,2011_2014,免费
姨妈驾到,主演:赵熠洋吕亚萍,7.2,2011_2014,免费
职场诱惑,主演:陈文,6.5,2011_2014,免费
更上一层楼,主演:李琛陈羽琦廖望,6.3,2011_2014,免费
我是车模,主演:王雨涵,4.7,2011_2014,免费
北漂合伙人,主演:庞辉徐巾淇,6.0,2011_2014,免费
整形归来,主演:张慧雯,5.7,2011_2014,免费
1923,主演:马宇洲张真伟刘卫春,6.0,2011_2014,免费
半音,主演:姚安濂,7.8,2011_2014,免费
撞·青春-梦开始的地方,主演:韩承羽石昊正王婷,7.2,2011_2014,免费
大四,主演:杨德格叶丰,7.6,2011_2014,免费
猎艳者,主演:王子,6.3,2011_2014,免费
舞者,主演:孙婉茹子昊红坚,7.8,2011_2014,免费
雇佣老公,主演:张凯,4.9,2011_2014,免费
断片儿之妇仇者联盟,主演:裘恩典张斯斯靳庆玲,6.2,2011_2014,免费
彼岸花开之此去经年,主演:周昭龙,6.4,2011_2014,免费
女子分手专家,主演:蒙璐孙玮伦杨了,5.5,2011_2014,免费
青春之殇,主演:藏亚南,6.5,2011_2014,免费
我的麦霸女友,主演:刘畅罗梓丹张宁,5.6,2011_2014,免费
等你百年,主演:童心,6.8,2011_2014,免费
黑暗之光,主演:徐欢,7.8,2011_2014,免费
寻找同桌的你,主演:马诺储毅大雄汤加丽,3.9,2011_2014,免费
爱的星座,主演:梁永斌邓天晴,6.3,2011_2014,免费
三小强,主演:韩波刘沛泽飞,7.1,2011_2014,免费
角落里的阳光,主演:戴子翔王亚丽霍容,6.6,2011_2014,免费
芒果熟了,主演:阴奕彤冯小勐,6.5,2011_2014,免费
这是三里屯,主演:CarlosOttery,6.1,2011_2014,免费
青春如期2青春梦想,主演:陈羽琦王翌舟李水诺,7.2,2011_2014,免费
泡上美女总裁,主演:卢倩文葛恒瑞任秋诺,5.5,2011_2014,免费
情迷北京之地上地下,主演:马劭楠孙逢苑宇葵,5.1,2011_2014,免费
圣杯神器：骸骨之城,主演:莉莉·柯林斯,6.5,2011_2014,免费
女神,主演:马昔墨,7.8,2011_2014,免费
鸟尊记,主演:储兰兰,6.1,2011_2014,免费
链·爱,主演:高娅媛,6.8,2011_2014,免费
青春荷尔蒙2躁动时代,主演:莫熙儿高宇,5.6,2011_2014,免费
蓝可儿之旅,主演:李漫荻,6.4,2011_2014,免费
回到那年夏天,主演:方文成美曦,5.5,2011_2014,免费
美女来了,主演:金证炫施柳屹张仟,5.0,2011_2014,免费
童年的最后一个夏天,主演:孙雪张克,8.2,2011_2014,免费
铁警,主演:墨阳夏一瑶,7.0,2011_2014,免费
机会来了,主演:黄佩佩王梦李佳霖,6.9,2011_2014,免费
南极生娃,主演:谢晓萌,6.3,2011_2014,免费
爱的利息,主演:王超梁伊一,6.8,2011_2014,免费
床探,主演:周圣博邓舒元,4.9,2011_2014,免费
小偷故事2013,主演:关心乘幂梁秋毅,6.1,2011_2014,免费
艳福不浅,主演:晏一刀任芷萱张漫文,5.3,2011_2014,免费
鞭.炮,主演:李涛亮贝枭雄,6.9,2011_2014,免费
量贩春光,主演:计美臣崔航卢莹,5.5,2011_2014,免费
艳遇,主演:梁永斌邓天晴,7.5,2011_2014,免费
罗西与莫妮卡之骊靬情,主演:孟瑞于东江,5.8,2011_2014,免费
爱情试用期,主演:林雅妮郭海旺钟梦玲,6.9,2011_2014,免费
一个屌丝的自我修养,主演:王小虎,6.3,2011_2014,免费
女导演,主演:郭月,6.7,2011_2014,免费
爱情，狗说了算,主演:柴铭洋孙鸣蔚,6.6,2011_2014,免费
热血时光,主演:秦浩程妮刘勇解磊,6.7,2011_2014,免费
夜行动物（2014）,主演:邹家豪,6.0,2011_2014,免费
猜心之人心可畏,主演:夏晴金鑫,4.4,2011_2014,免费
衣锦还乡,主演:谢宜何京饶光强,8.2,2011_2014,免费
柠檬的爱情,主演:李景涛黄凯伦吴菲,6.0,2011_2014,免费
失魂记,主演:彭元王婕颖,6.1,2011_2014,免费
流氓,主演:覃文静于亚东惠通,5.8,2011_2014,免费
爱情练练看,主演:卢洪峰吴晗歆,6.1,2011_2014,免费
私人订做,主演:王一谢源张政马亚楠,5.4,2011_2014,免费
追爱计中计,主演:熊珂郭力行郭婉冬,5.0,2011_2014,免费
幸福从天而降,主演:苑琼丹梁家仁杜江,7.0,2011_2014,免费
快递英雄,主演:杨洁杨雪,7.2,2011_2014,免费
父子TCK,主演:杨晨薛奇郭芷岑,6.5,2011_2014,免费
咬子,主演:曹阳肖雪王程程刘阳,7.0,2011_2014,免费
艾山,演员为空,6.3,2011_2014,免费
二手时光,主演:张迪,6.7,2011_2014,免费
沙井村之恋,主演:李佳鑫,6.8,2011_2014,免费
阳光橱窗,主演:陈匡怡谢如霜邵诣,6.7,2011_2014,免费
稍安勿躁,主演:宋金笑范逸臣陈冲,4.5,2011_2014,免费
2011年百事贺岁片,主演:古天乐张国立周迅,7.9,2011_2014,免费
四平青年3偷天换日,主演:张浩蓝波李野,7.8,2011_2014,付费
热带,主演:杜金城,7.4,2011_2014,付费
豪取,主演:付金堂,6.1,2011_2014,付费
红色之旅,主演:启航殊晗煜,6.2,2011_2014,付费
山上有座庙,主演:张克李梓嫣,6.8,2011_2014,付费
谁的青春不叛逆,主演:王晨正,4.9,2011_2014,付费
成人记2电影版,主演:白举纲于朦胧,5.7,2011_2014,付费
迷失的女孩,主演:王淑妍欧定兴,6.2,2011_2014,付费
麻辣个艹,主演:马佳佳马威,6.9,2011_2014,付费
四平青年3偷天换日,主演:张浩蓝波李野,7.8,2011_2014,付费
热带,主演:杜金城,7.4,2011_2014,付费
豪取,主演:付金堂,6.1,2011_2014,付费
红色之旅,主演:启航殊晗煜,6.2,2011_2014,付费
山上有座庙,主演:张克李梓嫣,6.8,2011_2014,付费
谁的青春不叛逆,主演:王晨正,4.9,2011_2014,付费
成人记2电影版,主演:白举纲于朦胧,5.7,2011_2014,付费
迷失的女孩,主演:王淑妍欧定兴,6.2,2011_2014,付费
麻辣个艹,主演:马佳佳马威,6.9,2011_2014,付费
与海共生,主演:JorgeMachado,8.6,2000_2010,免费
红衣女子复仇记,主演:李晨,5.9,2000_2010,免费
孔子秘密档案,主演:王志勇张冬,6.5,2000_2010,免费
赛道娇娃,主演:米歇尔·崔切伯格,7.1,2000_2010,免费
所罗门王的宝藏(上集),主演:帕特里克·斯威兹,7.1,2000_2010,免费
爸爸，你在哪儿,主演:刘潭源,7.5,2000_2010,免费
血蝉,主演:张雷洪启发赵会会,6.9,2000_2010,免费
终极匹配,主演:陈晓东徐啸力吴佩慈,5.5,2000_2010,免费
何小光的夏天,主演:武延刘生春,7.6,2000_2010,免费
心心,主演:金心覃琴,6.3,2000_2010,免费
上海公园,主演:魏云,6.3,2000_2010,免费
北海怪兽,主演:吴庆晨,6.4,2000_2010,免费
再见 乌托邦,主演:何勇张楚窦唯崔健,7.5,2000_2010,免费
与海共生,主演:JorgeMachado,8.6,2000_2010,免费
红衣女子复仇记,主演:李晨,5.9,2000_2010,免费
孔子秘密档案,主演:王志勇张冬,6.5,2000_2010,免费
赛道娇娃,主演:米歇尔·崔切伯格,7.1,2000_2010,免费
所罗门王的宝藏(上集),主演:帕特里克·斯威兹,7.1,2000_2010,免费
爸爸，你在哪儿,主演:刘潭源,7.5,2000_2010,免费
血蝉,主演:张雷洪启发赵会会,6.9,2000_2010,免费
终极匹配,主演:陈晓东徐啸力吴佩慈,5.5,2000_2010,免费
何小光的夏天,主演:武延刘生春,7.6,2000_2010,免费
心心,主演:金心覃琴,6.3,2000_2010,免费
上海公园,主演:魏云,6.3,2000_2010,免费
北海怪兽,主演:吴庆晨,6.4,2000_2010,免费
再见 乌托邦,主演:何勇张楚窦唯崔健,7.5,2000_2010,免费
欲蛇,主演:玛丽卡·沙拉瓦特,5.9,2000_2010,付费
金星小姐,主演:金星,8.4,2000_2010,付费
过年回家,主演:李冰冰李芸梁松,7.5,2000_2010,付费
野人也有爱,主演:吴庆晨丁太升,6.9,2000_2010,付费
欲蛇,主演:玛丽卡·沙拉瓦特,5.9,2000_2010,付费
金星小姐,主演:金星,8.4,2000_2010,付费
过年回家,主演:李冰冰李芸梁松,7.5,2000_2010,付费
野人也有爱,主演:吴庆晨丁太升,6.9,2000_2010,付费
超越未来,主演:NicholasRyan,6.2,1980_1989,免费
摇滚牛仔,主演:PeterPhelps,6.2,1980_1989,免费
黑豹时代,演员为空,6.2,1980_1989,免费
超越未来,主演:NicholasRyan,6.2,1980_1989,免费
摇滚牛仔,主演:PeterPhelps,6.2,1980_1989,免费
黑豹时代,演员为空,6.2,1980_1989,免费
